typed ident ,       identifier        ,coord2 (Ecl,J2000/2000),  plx  ,Mag B ,Mag V 
KIC 10907196,KIC 10907196             ,null                   ,0.52,13.16,11.54,
KIC 10962775,KIC 10962775             ,null                   ,0.49,12.61,11.23,
KIC 11177749,KIC 11177749             ,null                   ,      ~,12.3,11.23,
KIC 11231549,KIC 11231549             ,null                   ,0.74,12.69,11.3,
KIC 11178396,KIC 11178396             ,null                   ,      ~,     ~,     ~,
KIC 11072334,KIC 11072334             ,null                   ,0.89,11.89,11.05,
KIC 11232225,KIC 11232225             ,null                   ,      ~,     ~,     ~,
KIC 11179815,KIC 11179815             ,null                   ,1.06,11.65,10.62,
KIC 11018710,KIC 11018710             ,null                   ,      ~,     ~,     ~,
KIC 11180468,KIC 11180468             ,null                   ,1.34,11.88,10.38,
KIC 11340165,KIC 11340165             ,null                   ,      ~,     ~,     ~,
KIC 11287679,KIC 11287679             ,null                   ,0.39,12.18,11.4,
KIC 11234625,KIC 11234625             ,null                   ,0.91,12.86,11.52,
KIC 11128910,KIC 11128910             ,null                   ,0.69,12.36,11.15,
KIC 11129153,KIC 11129153             ,null                   ,0.84,13.13,12.09,
KIC 11289335,KIC 11289335             ,null                   ,0.3,12.65,11.8,
KIC 11289128,KIC 11289128             ,null                   ,0.4,12.21,11.26,
KIC 11129480,KIC 11129480             ,null                   ,-0.11,12.57,11.27,
KIC 11129945,KIC 11129945             ,null                   ,0.6,13.2,12.12,
KIC 11236536,KIC 11236536             ,null                   ,1.44,12.47,11.72,
KIC 11289822,KIC 11289822             ,null                   ,1.48,12.01,10.89,
KIC 10651578,KIC 10651578             ,null                   ,      ~,     ~,     ~,
KIC 10651320,KIC 10651320             ,null                   ,0.92,13.27,11.98,
KIC 10847321,KIC 10847321             ,null                   ,1.19,13.68,11.94,
KIC 11018922,KIC 11018922             ,null                   ,0.58,12.52,11.59,
KIC 11018745,KIC 11018745             ,null                   ,0.91,12.69,11.64,
KIC 10848618,KIC 10848618             ,null                   ,0.8,12.17,10.75,
KIC 10908322,KIC 10908322             ,null                   ,0.52,12.52,11.84,
KIC 10964584,KIC 10964584             ,null                   ,0.81,12.82,11.82,
KIC 10784013,KIC 10784013             ,null                   ,      ~,     ~,     ~,
KIC 10849541,KIC 10849541             ,null                   ,0.47,12.45,11.41,
KIC 10718491,KIC 10718491             ,null                   ,0.74,12.58,11.55,
KIC 10653383,KIC 10653383             ,null                   ,0.84,12.05,11.15,
KIC 11074543,KIC 11074543             ,null                   ,0.89,12.32,11.58,
KIC 11019954,KIC 11019954             ,null                   ,0.94,11.61,10.8,
KIC 11020211,KIC 11020211             ,null                   ,1.83,11.46,10.57,
KIC 11020101,KIC 11020101             ,null                   ,      ~,     ~,     ~,
KIC 10910802,KIC 10910802             ,null                   ,      ~,     ~,     ~,
KIC 11075908,KIC 11075908             ,null                   ,0.47,12.61,11.74,
KIC 10966458,KIC 10966458             ,null                   ,0.96,11.63,10.52,
KIC 10910674,KIC 10910674             ,null                   ,0.79,12.54,11.18,
KIC 11551758,KIC 11551758             ,null                   ,0.66,12.19,11.12,
KIC 11499428,KIC 11499428             ,null                   ,      ~,     ~,     ~,
KIC 11551746,KIC 11551746             ,null                   ,0.49,13.22,11.28,
KIC 11394905,KIC 11394905             ,null                   ,0.77,12.98,12.03,
KIC 11550567,KIC 11550567             ,null                   ,0.67,12.48,11.45,
KIC 11498298,KIC 11498298             ,null                   ,0.69,11.91,10.8,
KIC 11704163,KIC 11704163             ,null                   ,0.74,12.4,11.65,
KIC 11341723,KIC 11341723             ,null                   ,0.84,12.01,10.92,
KIC 11287936,KIC 11287936             ,null                   ,0.96,11.86,10.75,
KIC 11653073,KIC 11653073             ,null                   ,0.93,12.47,11.85,
KIC 11702195,KIC 11702195             ,null                   ,1.02,12.29,10.92,
KIC 11600208,KIC 11600208             ,null                   ,      ~,     ~,     ~,
KIC 11548940,KIC 11548940             ,null                   ,0.52,12.62,11.22,
KIC 11444313,KIC 11444313             ,null                   ,0.55,12.53,11.65,
KIC 11599342,KIC 11599342             ,null                   ,1.58,11.5,10.39,
KIC 11546913,KIC 11546913             ,null                   ,1.33,12.76,11.64,
KIC 11598116,KIC 11598116             ,null                   ,      ~,     ~,     ~,
KIC 11494312,KIC 11494312             ,null                   ,0.78,12.76,11.48,
KIC 11441797,KIC 11441797             ,null                   ,1.15,12.4,11.26,
KIC 11442227,KIC 11442227             ,null                   ,0.66,12.95,11.42,
KIC 11177727,KIC 11177727             ,null                   ,1.47,12.59,11.71,
KIC 11905840,KIC 11905840             ,null                   ,      ~,     ~,     ~,
KIC 11955410,KIC 11955410             ,null                   ,1.11,11.87,11.04,
KIC 12005162,KIC 12005162             ,null                   ,1.96,11.68,10.9,
KIC 11805460,KIC 11805460             ,null                   ,0.74,12.44,11.33,
KIC 11805792,KIC 11805792             ,null                   ,0.93,13.63,11.96,
KIC 11855110,KIC 11855110             ,null                   ,0.54,14.1,11.84,
KIC 11754056,KIC 11754056             ,null                   ,      ~,     ~,     ~,
KIC 11804677,KIC 11804677             ,null                   ,0.61,11.96,10.92,
KIC 11703230,KIC 11703230             ,null                   ,0.92,12.62,11.8,
KIC 11954465,KIC 11954465             ,null                   ,1.16,12.46,11.05,
KIC 11954278,KIC 11954278             ,null                   ,      ~,12.72,11.44,
KIC 11953849,KIC 11953849             ,null                   ,0.6,12.5,11.66,
KIC 12003742,KIC 12003742             ,null                   ,0.47,12.61,11.34,
KIC 11753018,KIC 11753018             ,null                   ,1.49,11.87,11.13,
KIC 11752707,KIC 11752707             ,null                   ,0.52,12.77,11.72,
KIC 12003253,KIC 12003253             ,null                   ,1.67,12.58,11.55,
KIC 11953581,KIC 11953581             ,null                   ,1.04,11.94,10.65,
KIC 11250152,KIC 11250152             ,null                   ,      ~,     ~,     ~,
KIC 11250139,KIC 11250139             ,null                   ,1.38,11.92,11.22,
KIC 11563791,KIC 11563791             ,null                   ,0.9,12.25,11.34,
KIC 11615224,KIC 11615224             ,null                   ,0.51,11.99,11.3,
KIC 11512096,KIC 11512096             ,null                   ,0.87,11.64,10.79,
KIC 11564307,KIC 11564307             ,null                   ,-0.03,12.67,11.59,
KIC 11668246,KIC 11668246             ,null                   ,0.81,13.68,11.95,
KIC 11668036,KIC 11668036             ,null                   ,0.71,11.89,10.85,
KIC 11667928,KIC 11667928             ,null                   ,0.9,12.19,11.15,
KIC 11357004,KIC 11357004             ,null                   ,1.43,11.86,10.73,
KIC 11513798,KIC 11513798             ,null                   ,1.38,12.64,11.24,
KIC 11617622,KIC 11617622             ,null                   ,      ~,     ~,     ~,
KIC 11669113,KIC 11669113             ,null                   ,      ~,12.65,11.79,
KIC 11410217,KIC 11410217             ,null                   ,      ~,     ~,     ~,
KIC 11514322,KIC 11514322             ,null                   ,1.21,12.67,11.31,
KIC 11410549,KIC 11410549             ,null                   ,0.87,11.72,10.62,
KIC 11357686,KIC 11357686             ,null                   ,      ~,     ~,     ~,
KIC 11463411,KIC 11463411             ,null                   ,0.56,11.87,10.97,
KIC 11515377,KIC 11515377             ,null                   ,1.57,11.98,11.12,
KIC 11721438,KIC 11721438             ,null                   ,      ~,     ~,     ~,
KIC 11669622,KIC 11669622             ,null                   ,0.74,12.23,11.47,
KIC 11567572,KIC 11567572             ,null                   ,0.76,12.88,11.38,
KIC 11568605,KIC 11568605             ,null                   ,0.9,12.46,11.29,
KIC 11517524,KIC 11517524             ,null                   ,0.72,12.73,11.43,
KIC 11567563,KIC 11567563             ,null                   ,      ~,     ~,     ~,
KIC 11518492,KIC 11518492             ,null                   ,0.9,13.33,11.4,
KIC 11413158,KIC 11413158             ,null                   ,0.32,11.78,10.7,
KIC 11465784,KIC 11465784             ,null                   ,0.48,13.13,12.15,
KIC 11569659,KIC 11569659             ,null                   ,0.91,12.88,11.57,
KIC 11519991,KIC 11519991             ,null                   ,0.99,11.46,10.63,
KIC 11623012,KIC 11623012             ,null                   ,0.7,12.44,11.49,
KIC 11621486,KIC 11621486             ,null                   ,0.81,12.95,11.72,
KIC 11521352,KIC 11521352             ,null                   ,      ~,     ~,     ~,
KIC 11572172,KIC 11572172             ,null                   ,      ~,11.87,11,
KIC 11521197,KIC 11521197             ,null                   ,      ~,     ~,     ~,
KIC 11468340,KIC 11468340             ,null                   ,0.59,12.44,12.18,
KIC 11673900,KIC 11673900             ,null                   ,0.52,13.01,11.76,
KIC 11674692,KIC 11674692             ,null                   ,      ~,     ~,     ~,
KIC 11775398,KIC 11775398             ,null                   ,1.33,11.8,10.62,
KIC 11775511,KIC 11775511             ,null                   ,      ~,11.6,10.6,
KIC 11090395,KIC 11090395             ,null                   ,0.71,12.8,11.96,
KIC 11037290,KIC 11037290             ,null                   ,0.84,11.59,10.69,
KIC 11037219,KIC 11037219             ,null                   ,1.53,11.15,10.36,
KIC 11090673,KIC 11090673             ,null                   ,      ~,     ~,     ~,
KIC 11251136,KIC 11251136             ,null                   ,0.79,12.61,11.93,
KIC 11250488,KIC 11250488             ,null                   ,1.13,12.3,11.48,
KIC 11252233,KIC 11252233             ,null                   ,0.88,12.36,11.87,
KIC 11251837,KIC 11251837             ,null                   ,1.19,12.16,10.99,
KIC 11357931,KIC 11357931             ,null                   ,0.73,12.85,11.46,
KIC 11197457,KIC 11197457             ,null                   ,1,13.02,11.45,
KIC 11145563,KIC 11145563             ,null                   ,      ~,     ~,     ~,
KIC 11146230,KIC 11146230             ,null                   ,0.76,11.51,10.72,
KIC 10983401,KIC 10983401             ,null                   ,0.8,11.69,10.83,
KIC 11146152,KIC 11146152             ,null                   ,0.46,12.5,11.49,
KIC 11359175,KIC 11359175             ,null                   ,0.64,12.65,11.93,
KIC 11358755,KIC 11358755             ,null                   ,1.86,12.82,11.45,
KIC 11252437,KIC 11252437             ,null                   ,1,12.06,11.32,
KIC 11305250,KIC 11305250             ,null                   ,1.77,12.28,11.42,
KIC 11146647,KIC 11146647             ,null                   ,      ~,     ~,     ~,
KIC 11199105,KIC 11199105             ,null                   ,      ~,     ~,     ~,
KIC 11199783,KIC 11199783             ,null                   ,      ~,     ~,     ~,
KIC 11252706,KIC 11252706             ,null                   ,      ~,     ~,     ~,
KIC 11360886,KIC 11360886             ,null                   ,0.49,12.18,11.13,
KIC 11413138,KIC 11413138             ,null                   ,      ~,     ~,     ~,
KIC 11200573,KIC 11200573             ,null                   ,0.61,13.31,12.19,
KIC 11307599,KIC 11307599             ,null                   ,0.08,12.66,11.69,
KIC 11308784,KIC 11308784             ,null                   ,0.85,13.07,12.14,
KIC 11308660,KIC 11308660             ,null                   ,0.65,12.72,11.28,
KIC 11361765,KIC 11361765             ,null                   ,1.54,11.96,11.11,
KIC 11414700,KIC 11414700             ,null                   ,      ~,     ~,     ~,
KIC 12121377,KIC 12121377             ,null                   ,      ~,     ~,     ~,
KIC 12121656,KIC 12121656             ,null                   ,      ~,     ~,     ~,
KIC 11924919,KIC 11924919             ,null                   ,1.84,11.51,10.5,
KIC 11824976,KIC 11824976             ,null                   ,      ~,     ~,     ~,
KIC 11973853,KIC 11973853             ,null                   ,1.35,12.41,11.92,
KIC 12121207,KIC 12121207             ,null                   ,      ~,12.61,12.03,
KIC 11823838,KIC 11823838             ,null                   ,1.19,12.61,11.33,
KIC 11722424,KIC 11722424             ,null                   ,0.49,12.23,11.17,
KIC 11971940,KIC 11971940             ,null                   ,1.15,11.75,10.5,
KIC 11721374,KIC 11721374             ,null                   ,1.05,12.4,11.34,
KIC 11971123,KIC 11971123             ,null                   ,0.87,12.5,11.21,
KIC 11970987,KIC 11970987             ,null                   ,0.67,12.11,11.28,
KIC 11821439,KIC 11821439             ,null                   ,1.21,11.9,10.86,
KIC 11819760,KIC 11819760             ,null                   ,0.54,12.15,11.27,
KIC 11920678,KIC 11920678             ,null                   ,0.86,11.61,10.62,
KIC 11820688,KIC 11820688             ,null                   ,0.99,11.95,10.87,
KIC 11869095,KIC 11869095             ,null                   ,1.15,11.98,10.71,
KIC 12017985,KIC 12017985             ,null                   ,0.7,11.27,10.44,
KIC 11868264,KIC 11868264             ,null                   ,      ~,     ~,     ~,
KIC 11769182,KIC 11769182             ,null                   ,0.98,12.07,11.1,
KIC 12114999,KIC 12114999             ,null                   ,      ~,     ~,     ~,
KIC 11868246,KIC 11868246             ,null                   ,      ~,     ~,     ~,
KIC 11767058,KIC 11767058             ,null                   ,0.64,11.72,10.68,
KIC 11614827,KIC 11614827             ,null                   ,      ~,     ~,     ~,
KIC 11716326,KIC 11716326             ,null                   ,1.55,12.66,11.33,
KIC 12418515,KIC 12418515             ,null                   ,      ~,     ~,     ~,
KIC 12316494,KIC 12316494             ,null                   ,      ~,     ~,     ~,
KIC 12367827,KIC 12367827             ,null                   ,      ~,12.55,11.46,
KIC 12169845,KIC 12169845             ,null                   ,1.31,12.22,11.01,
KIC 12120230,KIC 12120230             ,null                   ,1.44,11.98,11.22,
KIC 12217154,KIC 12217154             ,null                   ,0.66,12.59,11.22,
KIC 12168406,KIC 12168406             ,null                   ,      ~,     ~,     ~,
KIC 12366461,KIC 12366461             ,null                   ,      ~,     ~,     ~,
KIC 12366537,KIC 12366537             ,null                   ,1.61,11.66,10.55,
KIC 12470054,KIC 12470054             ,null                   ,1.97,12.75,11.39,
KIC 12070114,KIC 12070114             ,null                   ,0.61,12.15,11.05,
KIC 12070650,KIC 12070650             ,null                   ,0.89,11.69,10.7,
KIC 12314927,KIC 12314927             ,null                   ,0.72,12.27,11.44,
KIC 12365293,KIC 12365293             ,null                   ,1.18,11.46,10.52,
KIC 12314910,KIC 12314910             ,null                   ,0.71,13.06,11.6,
KIC 12215647,KIC 12215647             ,null                   ,      ~,     ~,     ~,
KIC 12167521,KIC 12167521             ,null                   ,0.64,12.32,11.43,
KIC 12216750,KIC 12216750             ,null                   ,      ~,     ~,     ~,
KIC 12118044,KIC 12118044             ,null                   ,      ~,     ~,     ~,
KIC 12117790,KIC 12117790             ,null                   ,      ~,11.64,10.85,
KIC 12164879,KIC 12164879             ,null                   ,0.29,12.19,11.37,
KIC 12116393,KIC 12116393             ,null                   ,      ~,     ~,     ~,
KIC 12067001,KIC 12067001             ,null                   ,0.6,12.54,11.18,
KIC 10662618,KIC 10662618             ,null                   ,0.79,12.32,11.04,
KIC 10793771,KIC 10793771             ,null                   ,1.1,11.47,10.39,
KIC 10793872,KIC 10793872             ,null                   ,1.22,12.67,11.82,
KIC 10858331,KIC 10858331             ,null                   ,      ~,     ~,     ~,
KIC 10973854,KIC 10973854             ,null                   ,      ~,12.11,11.43,
KIC 10532751,KIC 10532751             ,null                   ,0.13,11.9,10.99,
KIC 10598558,KIC 10598558             ,null                   ,1.08,11.61,10.55,
KIC 11028575,KIC 11028575             ,null                   ,      ~,     ~,     ~,
KIC 11028372,KIC 11028372             ,null                   ,      ~,     ~,     ~,
KIC 10918731,KIC 10918731             ,null                   ,0.47,12.72,11.71,
KIC 10859779,KIC 10859779             ,null                   ,      ~,     ~,     ~,
KIC 10859941,KIC 10859941             ,null                   ,0.7,12.25,11.39,
KIC 10977629,KIC 10977629             ,null                   ,0.95,12.7,11.33,
KIC 10921258,KIC 10921258             ,null                   ,      ~,     ~,     ~,
KIC 10799530,KIC 10799530             ,null                   ,0.93,13.2,11.61,
KIC 10667886,KIC 10667886             ,null                   ,0.84,12.61,11.52,
KIC 10801063,KIC 10801063             ,null                   ,2.47,11.48,10.57,
KIC 10669123,KIC 10669123             ,null                   ,      ~,     ~,     ~,
KIC 10979181,KIC 10979181             ,null                   ,      ~,     ~,     ~,
KIC 10864711,KIC 10864711             ,null                   ,0.85,12.32,11.25,
KIC 10604460,KIC 10604460             ,null                   ,1.24,12.02,11.02,
KIC 10670445,KIC 10670445             ,null                   ,0.69,12.24,10.93,
KIC 10736390,KIC 10736390             ,null                   ,1.08,11.74,10.81,
KIC 10735926,KIC 10735926             ,null                   ,1.02,11.99,11.28,
KIC 10866415,KIC 10866415             ,null                   ,1.96,12.64,11.52,
KIC 10979742,KIC 10979742             ,null                   ,      ~,     ~,     ~,
KIC 11141358,KIC 11141358             ,null                   ,      ~,     ~,     ~,
KIC 10206307,KIC 10206307             ,null                   ,0.76,12.56,11.48,
KIC 10206840,KIC 10206840             ,null                   ,      ~,     ~,     ~,
KIC 10468528,KIC 10468528             ,null                   ,0.78,11.86,11.06,
KIC 10402819,KIC 10402819             ,null                   ,1.2,11.45,10.52,
KIC 10467570,KIC 10467570             ,null                   ,      ~,     ~,     ~,
KIC 10272641,KIC 10272641             ,null                   ,0.95,13.22,12.15,
KIC 10207321,KIC 10207321             ,null                   ,0.69,12.78,11.66,
KIC 10207059,KIC 10207059             ,null                   ,      ~,     ~,     ~,
KIC 10469976,KIC 10469976             ,null                   ,1.03,12.04,10.87,
KIC 10599712,KIC 10599712             ,null                   ,0.92,12.01,11.17,
KIC 10666932,KIC 10666932             ,null                   ,0.75,13.43,11.96,
KIC 10600926,KIC 10600926             ,null                   ,1.1,12.78,11.88,
KIC 10602976,KIC 10602976             ,null                   ,0.85,12.94,12.04,
KIC 10602374,KIC 10602374             ,null                   ,      ~,     ~,     ~,
KIC 10602015,KIC 10602015             ,null                   ,1.63,12.45,11.53,
KIC 10474071,KIC 10474071             ,null                   ,      ~,     ~,     ~,
KIC 10603170,KIC 10603170             ,null                   ,      ~,     ~,     ~,
KIC 10603958,KIC 10603958             ,null                   ,1.12,12.5,11.42,
KIC 10473692,KIC 10473692             ,null                   ,1.81,12.42,11.81,
KIC 11509792,KIC 11509792             ,null                   ,0.82,12.42,11.21,
KIC 11352756,KIC 11352756             ,null                   ,0.46,12.41,11.22,
KIC 11247049,KIC 11247049             ,null                   ,0.88,12.76,11.27,
KIC 11298714,KIC 11298714             ,null                   ,0.78,13.39,11.34,
KIC 11298371,KIC 11298371             ,null                   ,1.02,11.55,10.53,
KIC 11298561,KIC 11298561             ,null                   ,      ~,     ~,     ~,
KIC 11085809,KIC 11085809             ,null                   ,0.77,12.73,11.86,
KIC 11138375,KIC 11138375             ,null                   ,      ~,     ~,     ~,
KIC 11031040,KIC 11031040             ,null                   ,0.93,12.05,11.61,
KIC 11191557,KIC 11191557             ,null                   ,1.35,12.69,11.31,
KIC 11244968,KIC 11244968             ,null                   ,0.73,12.08,11.44,
KIC 11191444,KIC 11191444             ,null                   ,      ~,     ~,     ~,
KIC 11245307,KIC 11245307             ,null                   ,      ~,13.3,     ~,
KIC 11244855,KIC 11244855             ,null                   ,0.81,12.66,12.19,
KIC 11084620,KIC 11084620             ,null                   ,0.76,13.2,12.06,
KIC 11190768,KIC 11190768             ,null                   ,1.73,12.59,11.6,
KIC 11083701,KIC 11083701             ,null                   ,0.7,13.22,11.83,
KIC 11084022,KIC 11084022             ,null                   ,0.84,13.04,11.37,
KIC 11083613,KIC 11083613             ,null                   ,0.98,12.88,11.75,
KIC 11083319,KIC 11083319             ,null                   ,0.47,11.68,10.97,
KIC 11136854,KIC 11136854             ,null                   ,0.66,11.86,11.1,
KIC 11135910,KIC 11135910             ,null                   ,      ~,12.31,11.48,
KIC 11188067,KIC 11188067             ,null                   ,0.84,12.43,11.35,
KIC 11135286,KIC 11135286             ,null                   ,0.7,13.12,11.53,
KIC 11027005,KIC 11027005             ,null                   ,0.81,11.76,10.72,
KIC 11027337,KIC 11027337             ,null                   ,      ~,     ~,     ~,
KIC 11293804,KIC 11293804             ,null                   ,0.67,12.39,11.43,
KIC 11294218,KIC 11294218             ,null                   ,0.15,13.26,12.04,
KIC 11026472,KIC 11026472             ,null                   ,1.23,12.28,10.96,
KIC 10857953,KIC 10857953             ,null                   ,1.21,12.25,10.77,
KIC 11612171,KIC 11612171             ,null                   ,1.61,13.02,12.07,
KIC 11612603,KIC 11612603             ,null                   ,      ~,12.93,11.77,
KIC 11509608,KIC 11509608             ,null                   ,      ~,     ~,     ~,
KIC 11509277,KIC 11509277             ,null                   ,0.91,12.35,11.09,
KIC 11560939,KIC 11560939             ,null                   ,      ~,     ~,     ~,
KIC 11456449,KIC 11456449             ,null                   ,1.34,13.03,11.48,
KIC 11508970,KIC 11508970             ,null                   ,0.91,12.2,11.37,
KIC 11559818,KIC 11559818             ,null                   ,1.04,12.78,11.14,
KIC 11403437,KIC 11403437             ,null                   ,      ~,     ~,     ~,
KIC 11351140,KIC 11351140             ,null                   ,-0.04,11.71,10.65,
KIC 11350954,KIC 11350954             ,null                   ,0.08,12.38,11.23,
KIC 11455925,KIC 11455925             ,null                   ,0.75,12.87,11.83,
KIC 11559645,KIC 11559645             ,null                   ,      ~,     ~,     ~,
KIC 11661782,KIC 11661782             ,null                   ,0.96,12.29,11.41,
KIC 11559478,KIC 11559478             ,null                   ,0.95,12.48,11.48,
KIC 11455176,KIC 11455176             ,null                   ,      ~,13.52,11.81,
KIC 11453905,KIC 11453905             ,null                   ,0.47,12.41,11.01,
KIC 11401466,KIC 11401466             ,null                   ,0.8,12.77,11.58,
KIC 11453627,KIC 11453627             ,null                   ,0.14,13,11.57,
KIC 11349014,KIC 11349014             ,null                   ,0.57,12.92,12.2,
KIC 11295851,KIC 11295851             ,null                   ,0.68,12.82,11.29,
KIC 9760904 ,KIC 9760904              ,null                   ,0.96,11.7,10.83,
KIC 9700899 ,KIC 9700899              ,null                   ,0.54,12.91,11.75,
KIC 9761625 ,KIC 9761625              ,null                   ,0.22,13.42,11.94,
KIC 9821783 ,KIC 9821783              ,null                   ,0.66,11.56,10.64,
KIC 9881628 ,KIC 9881628              ,null                   ,0.78,12.24,11.58,
KIC 9456153 ,KIC 9456153              ,null                   ,0.75,12.18,11.51,
KIC 9579328 ,KIC 9579328              ,null                   ,0.64,12.55,11.14,
KIC 9882550 ,KIC 9882550              ,null                   ,      ~,     ~,     ~,
KIC 9883123 ,KIC 9883123              ,null                   ,0.92,12.35,11.39,
KIC 9702057 ,KIC 9702057              ,null                   ,0.65,12.31,11.64,
KIC 9883214 ,KIC 9883214              ,null                   ,0.71,12.7,11.65,
KIC 9641246 ,KIC 9641246              ,null                   ,      ~,     ~,     ~,
KIC 9579860 ,KIC 9579860              ,null                   ,1.15,12.73,12.58,
KIC 9640886 ,KIC 9640886              ,null                   ,0.94,12.71,11.33,
KIC 9518506 ,KIC 9518506              ,null                   ,1.01,11.78,10.88,
KIC 9641772 ,KIC 9641772              ,null                   ,0.68,12.37,11.29,
KIC 9641484 ,KIC 9641484              ,null                   ,0.52,11.9,11,
KIC 9580991 ,KIC 9580991              ,null                   ,0.8,13.14,11.92,
KIC 9763419 ,KIC 9763419              ,null                   ,-0.09,12.6,12.05,
KIC 9702841 ,KIC 9702841              ,null                   ,      ~,     ~,     ~,
KIC 9581445 ,KIC 9581445              ,null                   ,      ~,13.12,11.88,
KIC 9825039 ,KIC 9825039              ,null                   ,1.35,11.6,10.92,
KIC 9644558 ,KIC 9644558              ,null                   ,0.73,12.32,11.9,
KIC 9583430 ,KIC 9583430              ,null                   ,1.19,13.24,12.03,
KIC 9946773 ,KIC 9946773              ,null                   ,0.73,12.88,11.51,
KIC 9705636 ,KIC 9705636              ,null                   ,0.67,13.04,11.43,
KIC 9704774 ,KIC 9704774              ,null                   ,      ~,     ~,     ~,
KIC 9583720 ,KIC 9583720              ,null                   ,      ~,12.23,11.24,
KIC 9706209 ,KIC 9706209              ,null                   ,0.69,12.4,11.02,
KIC 9706194 ,KIC 9706194              ,null                   ,1.48,12.75,11.5,
KIC 9706585 ,KIC 9706585              ,null                   ,      ~,     ~,     ~,
KIC 9767332 ,KIC 9767332              ,null                   ,1.24,12.79,12.05,
KIC 9145781 ,KIC 9145781              ,null                   ,2.15,12.86,11.87,
KIC 9145952 ,KIC 9145952              ,null                   ,0.62,12.61,11.86,
KIC 9395535 ,KIC 9395535              ,null                   ,1.04,12.97,11.76,
KIC 9332840 ,KIC 9332840              ,null                   ,      ~,     ~,     ~,
KIC 9333290 ,KIC 9333290              ,null                   ,0.56,12.91,11.27,
KIC 9333501 ,KIC 9333501              ,null                   ,1.03,12.9,12.1,
KIC 9333184 ,KIC 9333184              ,null                   ,0.56,12.75,11.6,
KIC 9396095 ,KIC 9396095              ,null                   ,0.71,12.54,11.62,
KIC 9456478 ,KIC 9456478              ,null                   ,0.93,12.29,11.19,
KIC 9080445 ,KIC 9080445              ,null                   ,0.94,11.88,10.67,
KIC 9080175 ,KIC 9080175              ,null                   ,1.57,11.53,10.46,
KIC 9080407 ,KIC 9080407              ,null                   ,1.16,11.55,10.53,
KIC 9396363 ,KIC 9396363              ,null                   ,      ~,12.32,11.05,
KIC 9147335 ,KIC 9147335              ,null                   ,      ~,12.75,11.45,
KIC 9211401 ,KIC 9211401              ,null                   ,0.73,11.83,10.89,
KIC 9273827 ,KIC 9273827              ,null                   ,      ~,     ~,     ~,
KIC 9520156 ,KIC 9520156              ,null                   ,0.71,12.77,12.07,
KIC 9336090 ,KIC 9336090              ,null                   ,      ~,     ~,     ~,
KIC 9335518 ,KIC 9335518              ,null                   ,      ~,     ~,     ~,
KIC 9582005 ,KIC 9582005              ,null                   ,0.62,12.73,11.54,
KIC 9521461 ,KIC 9521461              ,null                   ,0.74,12.19,10.99,
KIC 10202184,KIC 10202184             ,null                   ,1.05,13.36,11.73,
KIC 10136291,KIC 10136291             ,null                   ,0.08,12.75,11.72,
KIC 10071249,KIC 10071249             ,null                   ,0.92,12.45,11.3,
KIC 10006852,KIC 10006852             ,null                   ,0.52,11.93,10.79,
KIC 10005966,KIC 10005966             ,null                   ,0.61,12.29,10.81,
KIC 10068810,KIC 10068810             ,null                   ,1.07,12.23,11.48,
KIC 9945290 ,KIC 9945290              ,null                   ,      ~,     ~,     ~,
KIC 10005422,KIC 10005422             ,null                   ,      ~,     ~,     ~,
KIC 10267242,KIC 10267242             ,null                   ,0.54,13.27,11.73,
KIC 10003419,KIC 10003419             ,null                   ,0.61,12.62,11.87,
KIC 10199187,KIC 10199187             ,null                   ,      ~,     ~,     ~,
KIC 10132247,KIC 10132247             ,null                   ,0.52,12.93,11.81,
KIC 10066568,KIC 10066568             ,null                   ,0.37,13.08,12.08,
KIC 9942816 ,KIC 9942816              ,null                   ,0.54,12.47,12.26,
KIC 9882446 ,KIC 9882446              ,null                   ,1.5,11.88,10.83,
KIC 10065848,KIC 10065848             ,null                   ,      ~,12.64,11.45,
KIC 10002647,KIC 10002647             ,null                   ,0.44,12.69,11.7,
KIC 10328498,KIC 10328498             ,null                   ,0.42,12.69,11.3,
KIC 9881167 ,KIC 9881167              ,null                   ,0.87,13.12,11.73,
KIC 10196797,KIC 10196797             ,null                   ,0.89,12.38,11.03,
KIC 10196240,KIC 10196240             ,null                   ,0.32,11.97,11.14,
KIC 9941141 ,KIC 9941141              ,null                   ,0.82,13.26,11.74,
KIC 9820702 ,KIC 9820702              ,null                   ,      ~,11.44,10.42,
KIC 10659100,KIC 10659100             ,null                   ,0.53,11.68,10.57,
KIC 10593078,KIC 10593078             ,null                   ,      ~,     ~,     ~,
KIC 10592924,KIC 10592924             ,null                   ,0.73,12.79,11.81,
KIC 10724027,KIC 10724027             ,null                   ,0.62,12.89,11.3,
KIC 10723388,KIC 10723388             ,null                   ,0.4,12.74,11.91,
KIC 10527661,KIC 10527661             ,null                   ,0.85,11.65,10.84,
KIC 10592249,KIC 10592249             ,null                   ,0.64,12.82,12.01,
KIC 10721900,KIC 10721900             ,null                   ,0.53,13.28,12.06,
KIC 10461757,KIC 10461757             ,null                   ,0.48,12.02,11.26,
KIC 10395638,KIC 10395638             ,null                   ,1.08,11.6,10.45,
KIC 10198347,KIC 10198347             ,null                   ,0.71,11.52,10.58,
KIC 10525475,KIC 10525475             ,null                   ,0.68,11.78,11.04,
KIC 10525282,KIC 10525282             ,null                   ,1.07,11.43,10.47,
KIC 10525595,KIC 10525595             ,null                   ,0.84,12.55,11.31,
KIC 10590683,KIC 10590683             ,null                   ,-0.44,12.96,11.78,
KIC 10524715,KIC 10524715             ,null                   ,      ~,12.39,11.33,
KIC 10394814,KIC 10394814             ,null                   ,2.78,11.66,10.72,
KIC 10459696,KIC 10459696             ,null                   ,0.87,12.5,11.04,
KIC 10394570,KIC 10394570             ,null                   ,      ~,     ~,     ~,
KIC 8479182 ,KIC 8479182              ,null                   ,0.29,12.72,11.65,
KIC 8607581 ,KIC 8607581              ,null                   ,0.61,11.77,10.75,
KIC 8737032 ,KIC 8737032              ,null                   ,0.81,11.65,10.49,
KIC 8802374 ,KIC 8802374              ,null                   ,0.46,12.39,11.1,
KIC 8867740 ,KIC 8867740              ,null                   ,0.78,13.22,12.11,
KIC 8479383 ,KIC 8479383              ,null                   ,1.01,11.45,10.46,
KIC 8479780 ,KIC 8479780              ,null                   ,0.82,12.99,11.59,
KIC 8674581 ,KIC 8674581              ,null                   ,1.14,12.23,11.03,
KIC 8739118 ,BD+44 3033               ,null                   ,0.97,11.49,10.4,
KIC 8738834 ,KIC 8738834              ,null                   ,1.06,12,10.88,
KIC 8804395 ,KIC 8804395              ,null                   ,0.28,13.35,12.34,
KIC 8675106 ,KIC 8675106              ,null                   ,0.98,12.27,10.81,
KIC 8676094 ,KIC 8676094              ,null                   ,1.02,12.69,11.53,
KIC 8611114 ,KIC 8611114              ,null                   ,0.66,11.93,10.87,
KIC 8805565 ,KIC 8805565              ,null                   ,0.72,11.96,10.73,
KIC 8805663 ,KIC 8805663              ,null                   ,      ~,11.75,10.9,
KIC 8612520 ,KIC 8612520              ,null                   ,0.74,12.7,11.64,
KIC 8872979 ,KIC 8872979              ,null                   ,0.56,11.79,10.87,
KIC 8613617 ,KIC 8613617              ,null                   ,1.38,12.53,11.92,
KIC 8742013 ,KIC 8742013              ,null                   ,0.73,11.79,10.88,
KIC 8677342 ,KIC 8677342              ,null                   ,0.61,12.12,11.51,
KIC 8742545 ,KIC 8742545              ,null                   ,      ~,13.14,11.71,
KIC 9077844 ,KIC 9077844              ,null                   ,1,11.77,10.53,
KIC 8941202 ,KIC 8941202              ,null                   ,      ~,     ~,     ~,
KIC 8081278 ,KIC 8081278              ,null                   ,      ~,     ~,     ~,
KIC 8283646 ,KIC 8283646              ,null                   ,      ~,     ~,     ~,
KIC 8283356 ,KIC 8283356              ,null                   ,1.24,12.74,11.51,
KIC 8081535 ,KIC 8081535              ,null                   ,0.66,13.04,11.67,
KIC 8415501 ,KIC 8415501              ,null                   ,      ~,     ~,     ~,
KIC 8350443 ,KIC 8350443              ,null                   ,      ~,11.77,10.96,
KIC 8350645 ,KIC 8350645              ,null                   ,0.7,12.09,10.98,
KIC 8283958 ,KIC 8283958              ,null                   ,1,11.62,10.59,
KIC 8284032 ,KIC 8284032              ,null                   ,      ~,     ~,     ~,
KIC 8545291 ,KIC 8545291              ,null                   ,1.05,12.2,11.14,
KIC 8545504 ,KIC 8545504              ,null                   ,0.46,12.72,12.11,
KIC 8284682 ,KIC 8284682              ,null                   ,0.97,12.7,11.24,
KIC 8285510 ,KIC 8285510              ,null                   ,0.65,11.4,10.47,
KIC 8482522 ,KIC 8482522              ,null                   ,0.27,12.84,11.83,
KIC 9269772 ,KIC 9269772              ,null                   ,      ~,     ~,     ~,
KIC 9143834 ,KIC 9143834              ,null                   ,      ~,     ~,     ~,
KIC 9143868 ,KIC 9143868              ,null                   ,0.96,12.48,11.09,
KIC 9008270 ,KIC 9008270              ,null                   ,0.64,11.66,10.64,
KIC 9392039 ,KIC 9392039              ,null                   ,0.59,12.98,11.73,
KIC 9142574 ,KIC 9142574              ,null                   ,0.8,12.96,11.49,
KIC 9205705 ,KIC 9205705              ,null                   ,0.74,12.21,11.12,
KIC 9329058 ,KIC 9329058              ,null                   ,0.85,11.62,10.7,
KIC 9329200 ,KIC 9329200              ,null                   ,1.27,12.58,11.46,
KIC 8937073 ,KIC 8937073              ,null                   ,0.75,13.18,11.64,
KIC 9328135 ,KIC 9328135              ,null                   ,1.94,12.85,11.02,
KIC 9139859 ,KIC 9139859              ,null                   ,      ~,     ~,     ~,
KIC 9004448 ,KIC 9004448              ,null                   ,0.45,13.27,11.39,
KIC 9202995 ,KIC 9202995              ,null                   ,1.02,12.3,11.24,
KIC 9003765 ,KIC 9003765              ,null                   ,0.94,12.85,11.59,
KIC 9002344 ,KIC 9002344              ,null                   ,0.72,13.42,11.82,
KIC 8934264 ,KIC 8934264              ,null                   ,      ~,     ~,     ~,
KIC 8671819 ,KIC 8671819              ,null                   ,0.74,12.59,11.59,
KIC 9453362 ,KIC 9453362              ,null                   ,0.63,12.25,11.76,
KIC 9818513 ,KIC 9818513              ,null                   ,      ~,     ~,     ~,
KIC 9758246 ,KIC 9758246              ,null                   ,0.08,12.15,10.82,
KIC 9451434 ,KIC 9451434              ,null                   ,0.5,13,11.44,
KIC 9451999 ,KIC 9451999              ,null                   ,0.93,12.28,11.38,
KIC 9574650 ,KIC 9574650              ,null                   ,0.92,12.71,11.81,
KIC 9635603 ,KIC 9635603              ,null                   ,      ~,     ~,     ~,
KIC 9390293 ,KIC 9390293              ,null                   ,      ~,     ~,     ~,
KIC 9635388 ,KIC 9635388              ,null                   ,0.78,12.51,11.63,
KIC 9450786 ,KIC 9450786              ,null                   ,0.48,12.96,11.81,
KIC 9511938 ,KIC 9511938              ,null                   ,0.92,12.77,11.44,
KIC 10023439,KIC 10023439             ,null                   ,1.05,12.34,11.39,
KIC 10087394,KIC 10087394             ,null                   ,1.11,12.38,11.22,
KIC 10153739,KIC 10153739             ,null                   ,0.55,12.49,11.55,
KIC 10286616,KIC 10286616             ,null                   ,0.76,12.69,11.41,
KIC 10220795,KIC 10220795             ,null                   ,1.17,11.7,10.8,
KIC 10220213,KIC 10220213             ,null                   ,1.33,13.05,12.12,
KIC 10025321,KIC 10025321             ,null                   ,0.79,12.77,11.74,
KIC 9903915 ,KIC 9903915              ,null                   ,0.72,12.76,11.48,
KIC 10025387,KIC 10025387             ,null                   ,1.03,13.75,11.7,
KIC 9904563 ,KIC 9904563              ,null                   ,      ~,     ~,     ~,
KIC 10155731,KIC 10155731             ,null                   ,      ~,12.42,11.28,
KIC 10090400,KIC 10090400             ,null                   ,1.02,12.61,12.12,
KIC 10290457,KIC 10290457             ,null                   ,0.67,13.64,11.52,
KIC 10157507,KIC 10157507             ,null                   ,1.95,11.68,10.62,
KIC 10224100,KIC 10224100             ,null                   ,      ~,     ~,     ~,
KIC 10224535,KIC 10224535             ,null                   ,0.75,12.59,11.57,
KIC 10159217,KIC 10159217             ,null                   ,      ~,     ~,     ~,
KIC 9968040 ,KIC 9968040              ,null                   ,0.83,12.64,11.66,
KIC 9967351 ,KIC 9967351              ,null                   ,      ~,     ~,     ~,
KIC 9967174 ,KIC 9967174              ,null                   ,1.1,11.69,10.58,
KIC 9967700 ,KIC 9967700              ,null                   ,1.75,11.41,10.63,
KIC 9966823 ,KIC 9966823              ,null                   ,0.72,13.78,11.96,
KIC 9968249 ,KIC 9968249              ,null                   ,1.48,12.18,11.08,
KIC 10161943,KIC 10161943             ,null                   ,0.85,13.18,12.17,
KIC 9970467 ,KIC 9970467              ,null                   ,1.2,11.99,10.9,
KIC 10095409,KIC 10095409             ,null                   ,      ~,     ~,     ~,
KIC 9851743 ,KIC 9851743              ,null                   ,1.56,11.91,10.78,
KIC 10162765,KIC 10162765             ,null                   ,-0.2,13.09,11.61,
KIC 10229796,KIC 10229796             ,null                   ,0.46,11.86,10.91,
KIC 10163776,KIC 10163776             ,null                   ,0.11,13.36,11.42,
KIC 10297313,KIC 10297313             ,null                   ,0.48,12.6,11.6,
KIC 10362043,KIC 10362043             ,null                   ,0.65,11.58,10.67,
KIC 9662343 ,KIC 9662343              ,null                   ,0.02,12.46,11.54,
KIC 9540226 ,KIC 9540226              ,null                   ,0.81,12.75,12.44,
KIC 9843358 ,KIC 9843358              ,null                   ,0.34,12.46,11.49,
KIC 9662395 ,KIC 9662395              ,null                   ,      ~,     ~,     ~,
KIC 9724324 ,KIC 9724324              ,null                   ,      ~,13.05,11.61,
KIC 9724882 ,KIC 9724882              ,null                   ,0.91,12.54,12.04,
KIC 9542218 ,KIC 9542218              ,null                   ,      ~,     ~,     ~,
KIC 9846877 ,KIC 9846877              ,null                   ,      ~,     ~,     ~,
KIC 9906278 ,KIC 9906278              ,null                   ,0.74,13.15,11.87,
KIC 9785675 ,KIC 9785675              ,null                   ,0.84,13.48,11.59,
KIC 9786625 ,KIC 9786625              ,null                   ,      ~,     ~,     ~,
KIC 9605294 ,KIC 9605294              ,null                   ,0.77,12.64,11.39,
KIC 9604524 ,KIC 9604524              ,null                   ,0.38,12.31,11.14,
KIC 9726814 ,KIC 9726814              ,null                   ,0.8,13.42,11.5,
KIC 9847893 ,KIC 9847893              ,null                   ,0.64,12.27,11.45,
KIC 9727392 ,KIC 9727392              ,null                   ,0.71,12.43,11.33,
KIC 9728284 ,KIC 9728284              ,null                   ,      ~,     ~,     ~,
KIC 9727675 ,KIC 9727675              ,null                   ,      ~,     ~,     ~,
KIC 9728845 ,KIC 9728845              ,null                   ,      ~,13.33,11.44,
KIC 9788834 ,KIC 9788834              ,null                   ,      ~,     ~,     ~,
KIC 9909804 ,KIC 9909804              ,null                   ,0.83,12.25,11.13,
KIC 9790050 ,KIC 9790050              ,null                   ,1.68,11.77,11.01,
KIC 10817660,KIC 10817660             ,null                   ,      ~,12.11,11.39,
KIC 10880958,KIC 10880958             ,null                   ,0.53,12,11.04,
KIC 10881810,KIC 10881810             ,null                   ,1.64,12.74,11.57,
KIC 10753962,KIC 10753962             ,null                   ,      ~,     ~,     ~,
KIC 10684837,KIC 10684837             ,null                   ,0.69,11.81,10.76,
KIC 10553844,KIC 10553844             ,null                   ,      ~,12.17,11.5,
KIC 10492041,KIC 10492041             ,null                   ,      ~,     ~,     ~,
KIC 10555186,KIC 10555186             ,null                   ,1.43,12.08,11.24,
KIC 10683647,KIC 10683647             ,null                   ,0.85,11.73,10.48,
KIC 10816214,KIC 10816214             ,null                   ,      ~,     ~,     ~,
KIC 10816748,KIC 10816748             ,null                   ,0.55,12.59,11.9,
KIC 10488243,KIC 10488243             ,null                   ,      ~,     ~,     ~,
KIC 10357764,KIC 10357764             ,null                   ,1.08,12.21,11.32,
KIC 10358632,KIC 10358632             ,null                   ,0.95,12.55,11.63,
KIC 10291535,KIC 10291535             ,null                   ,      ~,     ~,     ~,
KIC 10552202,KIC 10552202             ,null                   ,0.75,13.02,11.92,
KIC 10489073,KIC 10489073             ,null                   ,      ~,     ~,     ~,
KIC 10552972,KIC 10552972             ,null                   ,      ~,11.9,11,
KIC 10552614,KIC 10552614             ,null                   ,      ~,     ~,     ~,
KIC 10618005,KIC 10618005             ,null                   ,      ~,     ~,     ~,
KIC 10747862,KIC 10747862             ,null                   ,0.75,13,11.52,
KIC 10749112,KIC 10749112             ,null                   ,0.85,14.38,11.65,
KIC 10420822,KIC 10420822             ,null                   ,      ~,12.53,11.15,
KIC 10355672,KIC 10355672             ,null                   ,0.75,12.32,10.51,
KIC 10356057,KIC 10356057             ,null                   ,      ~,     ~,     ~,
KIC 10614707,KIC 10614707             ,null                   ,0.66,12.16,11.2,
KIC 10614602,KIC 10614602             ,null                   ,0.42,12.27,11.78,
KIC 10485765,KIC 10485765             ,null                   ,      ~,     ~,     ~,
KIC 10483504,KIC 10483504             ,null                   ,      ~,     ~,     ~,
KIC 10678016,KIC 10678016             ,null                   ,0.76,12.94,12.12,
KIC 10613466,KIC 10613466             ,null                   ,      ~,12.85,11.49,
KIC 10546977,KIC 10546977             ,null                   ,-0.12,12.62,11.62,
KIC 10613112,KIC 10613112             ,null                   ,      ~,     ~,     ~,
KIC 10417308,KIC 10417308             ,null                   ,0.24,12.8,11.66,
KIC 10353044,KIC 10353044             ,null                   ,0.86,12.29,11.16,
KIC 10352615,KIC 10352615             ,null                   ,1.06,11.91,10.88,
KIC 10287323,KIC 10287323             ,null                   ,1.12,12.89,11.81,
KIC 10610250,KIC 10610250             ,null                   ,1.5,13.06,11.5,
KIC 10545152,KIC 10545152             ,null                   ,0.82,11.79,10.76,
KIC 10742794,KIC 10742794             ,null                   ,0.57,12.79,12.24,
KIC 10480806,KIC 10480806             ,null                   ,1.76,12.39,11,
KIC 10285722,KIC 10285722             ,null                   ,1.11,11.79,10.73,
KIC 10482001,KIC 10482001             ,null                   ,0.71,11.93,10.78,
KIC 10416550,KIC 10416550             ,null                   ,0.78,12.71,11.39,
KIC 10086465,KIC 10086465             ,null                   ,0.55,12.61,11.8,
KIC 10991271,KIC 10991271             ,null                   ,0.94,12.37,11.47,
KIC 11045572,KIC 11045572             ,null                   ,0.86,12.66,11.53,
KIC 11152823,KIC 11152823             ,null                   ,0.93,11.5,10.56,
KIC 11152753,KIC 11152753             ,null                   ,0.71,13.23,11.89,
KIC 10992126,KIC 10992126             ,null                   ,0.66,12.79,11.15,
KIC 10936814,KIC 10936814             ,null                   ,      ~,12.33,11.01,
KIC 10991673,KIC 10991673             ,null                   ,0.69,12.81,11.71,
KIC 11204531,KIC 11204531             ,null                   ,1.47,11.98,11.16,
KIC 11044315,KIC 11044315             ,null                   ,0.72,12.29,11.16,
KIC 11152312,KIC 11152312             ,null                   ,      ~,12.46,11.95,
KIC 10935853,KIC 10935853             ,null                   ,0.56,12.77,12.06,
KIC 10934758,KIC 10934758             ,null                   ,1.93,11.9,11,
KIC 10877915,KIC 10877915             ,null                   ,      ~,     ~,     ~,
KIC 11043832,KIC 11043832             ,null                   ,1.39,12.34,11.22,
KIC 10747240,KIC 10747240             ,null                   ,      ~,     ~,     ~,
KIC 10873444,KIC 10873444             ,null                   ,1.29,11.6,10.59,
KIC 10743092,KIC 10743092             ,null                   ,0.86,12.75,11.65,
KIC 10743515,KIC 10743515             ,null                   ,      ~,     ~,     ~,
KIC 10809457,KIC 10809457             ,null                   ,1.56,12.68,11.54,
KIC 8955683 ,KIC 8955683              ,null                   ,0.94,12.53,11.58,
KIC 9025029 ,KIC 9025029              ,null                   ,0.67,12.5,11.12,
KIC 9157260 ,KIC 9157260              ,null                   ,1.81,12.64,12.23,
KIC 9220076 ,KIC 9220076              ,null                   ,      ~,     ~,     ~,
KIC 9283816 ,KIC 9283816              ,null                   ,0.83,12.1,10.94,
KIC 9283918 ,KIC 9283918              ,null                   ,0.54,12.1,11.08,
KIC 9025882 ,KIC 9025882              ,null                   ,0.25,12.5,11.25,
KIC 9346602 ,KIC 9346602              ,null                   ,1.21,11.72,10.81,
KIC 9469165 ,KIC 9469165              ,null                   ,1.32,12.47,11.09,
KIC 9408361 ,KIC 9408361              ,null                   ,1.42,12.44,11.27,
KIC 9222389 ,KIC 9222389              ,null                   ,      ~,     ~,     ~,
KIC 9409513 ,KIC 9409513              ,null                   ,0.69,11.4,10.42,
KIC 9027871 ,KIC 9027871              ,null                   ,0.98,13.06,11.56,
KIC 9350701 ,KIC 9350701              ,null                   ,      ~,13.05,11.52,
KIC 9350031 ,KIC 9350031              ,null                   ,      ~,     ~,     ~,
KIC 9411366 ,KIC 9411366              ,null                   ,      ~,     ~,     ~,
KIC 9163153 ,KIC 9163153              ,null                   ,1.45,12.77,11.37,
KIC 9100444 ,KIC 9100444              ,null                   ,      ~,     ~,     ~,
KIC 9163785 ,KIC 9163785              ,null                   ,0.38,12.42,11.61,
KIC 9351617 ,KIC 9351617              ,null                   ,      ~,     ~,     ~,
KIC 9351186 ,KIC 9351186              ,null                   ,      ~,     ~,     ~,
KIC 9414068 ,KIC 9414068              ,null                   ,      ~,     ~,     ~,
KIC 9034557 ,KIC 9034557              ,null                   ,      ~,     ~,     ~,
KIC 9229601 ,KIC 9229601              ,null                   ,      ~,     ~,     ~,
KIC 9292408 ,KIC 9292408              ,null                   ,      ~,     ~,     ~,
KIC 9291249 ,KIC 9291249              ,null                   ,      ~,     ~,     ~,
KIC 9291830 ,KIC 9291830              ,null                   ,0.77,12.63,11.44,
KIC 9291976 ,KIC 9291976              ,null                   ,      ~,     ~,     ~,
KIC 9353187 ,KIC 9353187              ,null                   ,0.97,12.44,11.32,
KIC 9475697 ,KOI-5684                 ,null                   ,1.17,12.26,11.34,
KIC 9353531 ,KIC 9353531              ,null                   ,0.71,12.46,11.44,
KIC 8564559 ,KIC 8564559              ,null                   ,0.79,12.87,11.86,
KIC 8693004 ,KIC 8693004              ,null                   ,0.85,11.71,10.95,
KIC 8693018 ,KIC 8693018              ,null                   ,      ~,     ~,     ~,
KIC 8822689 ,KIC 8822689              ,null                   ,1.06,12.38,11.22,
KIC 8957543 ,KIC 8957543              ,null                   ,      ~,     ~,     ~,
KIC 8822878 ,KIC 8822878              ,null                   ,0.8,12.93,11.92,
KIC 8824452 ,KIC 8824452              ,null                   ,1.12,12.3,10.96,
KIC 8824264 ,KIC 8824264              ,null                   ,      ~,12.82,11.2,
KIC 8890410 ,KIC 8890410              ,null                   ,0.37,12.61,11.04,
KIC 8565016 ,KIC 8565016              ,null                   ,1.38,12.48,11.4,
KIC 9028511 ,KIC 9028511              ,null                   ,      ~,     ~,     ~,
KIC 9028321 ,KIC 9028321              ,null                   ,0.68,13,11.73,
KIC 8759811 ,KIC 8759811              ,null                   ,1.11,12.47,11.01,
KIC 8759746 ,KIC 8759746              ,null                   ,      ~,     ~,     ~,
KIC 8759207 ,KIC 8759207              ,null                   ,1.1,12.28,11.23,
KIC 8825444 ,KIC 8825444              ,null                   ,0.9,12.43,11.33,
KIC 9029195 ,KIC 9029195              ,null                   ,1.15,12.08,10.96,
KIC 8826079 ,KIC 8826079              ,null                   ,0.64,12.49,11.39,
KIC 9029603 ,KIC 9029603              ,null                   ,1.25,12.92,11.96,
KIC 8962844 ,KIC 8962844              ,null                   ,      ~,     ~,     ~,
KIC 8962923 ,KIC 8962923              ,null                   ,1.03,11.99,11.22,
KIC 8827934 ,KIC 8827934              ,null                   ,0.99,12.04,11.01,
KIC 8761471 ,KIC 8761471              ,null                   ,      ~,     ~,     ~,
KIC 8826496 ,KIC 8826496              ,null                   ,      ~,     ~,     ~,
KIC 9032691 ,KIC 9032691              ,null                   ,1.31,12.65,11.23,
KIC 9658002 ,KIC 9658002              ,null                   ,1.19,13.07,11.74,
KIC 9780183 ,KIC 9780183              ,null                   ,1.33,12.64,11.56,
KIC 9839918 ,KIC 9839918              ,null                   ,0.86,12.1,10.79,
KIC 9839246 ,KIC 9839246              ,null                   ,0.59,13.05,11.55,
KIC 9597214 ,KIC 9597214              ,null                   ,1.09,12.66,11.38,
KIC 9536330 ,KIC 9536330              ,null                   ,0.72,11.59,10.49,
KIC 9658793 ,KIC 9658793              ,null                   ,0.98,11.7,10.8,
KIC 9658072 ,KIC 9658072              ,null                   ,1.06,13.83,11.73,
KIC 9535050 ,KIC 9535050              ,null                   ,0.83,11.31,10.2,
KIC 9534934 ,KIC 9534934              ,null                   ,1.4,11.45,10.48,
KIC 9412408 ,KIC 9412408              ,null                   ,0.89,11.89,11.09,
KIC 9596639 ,KIC 9596639              ,null                   ,      ~,     ~,     ~,
KIC 9718024 ,KIC 9718024              ,null                   ,0.93,11.71,10.97,
KIC 9596106 ,KIC 9596106              ,null                   ,      ~,     ~,     ~,
KIC 9472076 ,KIC 9472076              ,null                   ,1.36,12.32,11.66,
KIC 9716866 ,KIC 9716866              ,null                   ,      ~,     ~,     ~,
KIC 9656523 ,KIC 9656523              ,null                   ,      ~,     ~,     ~,
KIC 9470276 ,KIC 9470276              ,null                   ,      ~,     ~,     ~,
KIC 9471284 ,KIC 9471284              ,null                   ,1.12,12.69,11.85,
KIC 9655101 ,KIC 9655101              ,null                   ,0.72,12.12,11.16,
KIC 9775927 ,KIC 9775927              ,null                   ,1,11.26,10.37,
KIC 9716522 ,KIC 9716522              ,null                   ,0.54,11.59,10.65,
KIC 9835626 ,KIC 9835626              ,null                   ,1.23,12.13,10.98,
KIC 9835436 ,KIC 9835436              ,null                   ,      ~,     ~,     ~,
KIC 9652704 ,KIC 9652704              ,null                   ,      ~,     ~,     ~,
KIC 9714063 ,KIC 9714063              ,null                   ,0.94,12.01,10.77,
KIC 9713617 ,KIC 9713617              ,null                   ,1.2,12.95,11.59,
KIC 9529974 ,KIC 9529974              ,null                   ,1.02,13.18,11.99,
KIC 9712888 ,KIC 9712888              ,null                   ,1.12,11.76,10.78,
KIC 9406638 ,NSVS 5547844             ,null                   ,      ~,     ~,     ~,
KIC 9591097 ,KIC 9591097              ,null                   ,0.64,13.03,11.3,
KIC 9711349 ,KIC 9711349              ,null                   ,      ~,     ~,     ~,
KIC 9711231 ,KIC 9711231              ,null                   ,-0.21,12.43,11.25,
KIC 9711492 ,KIC 9711492              ,null                   ,0.73,12.3,11.24,
KIC 9650046 ,KIC 9650046              ,null                   ,0.83,12.85,11.93,
KIC 9650527 ,KIC 9650527              ,null                   ,0.63,12.59,11.8,
KIC 9589638 ,KIC 9589638              ,null                   ,0.44,12.6,11.72,
KIC 9282363 ,KIC 9282363              ,null                   ,0.75,12.56,11.47,
KIC 9405269 ,KIC 9405269              ,null                   ,1.08,12.02,10.53,
KIC 9405555 ,KIC 9405555              ,null                   ,0.56,12.64,11.14,
KIC 9405480 ,KIC 9405480              ,null                   ,0.25,13.27,12.22,
KIC 10282002,KIC 10282002             ,null                   ,0.69,12.82,11.42,
KIC 10083480,KIC 10083480             ,null                   ,0.5,13.15,12.07,
KIC 10018973,KIC 10018973             ,null                   ,      ~,12.31,10.99,
KIC 9958567 ,KIC 9958567              ,null                   ,0.51,11.65,10.85,
KIC 10018239,KIC 10018239             ,null                   ,      ~,     ~,     ~,
KIC 10213931,KIC 10213931             ,null                   ,0.49,12.81,11.5,
KIC 10280586,KIC 10280586             ,null                   ,      ~,13.26,12.02,
KIC 10148026,KIC 10148026             ,null                   ,0.93,12.4,11.48,
KIC 10212620,KIC 10212620             ,null                   ,      ~,     ~,     ~,
KIC 10147072,KIC 10147072             ,null                   ,0.69,12.37,11.45,
KIC 9896174 ,KIC 9896174              ,null                   ,      ~,     ~,     ~,
KIC 9835790 ,KIC 9835790              ,null                   ,0.89,12.48,11.01,
KIC 10145279,KIC 10145279             ,null                   ,      ~,     ~,     ~,
KIC 9893889 ,KIC 9893889              ,null                   ,1.06,11.75,10.6,
KIC 9833073 ,KIC 9833073              ,null                   ,0.3,12.56,11.57,
KIC 6762022 ,KIC 6762022              ,null                   ,0.55,13.32,11.7,
KIC 7018252 ,KIC 7018252              ,null                   ,0.9,12.07,11.11,
KIC 7429055 ,KIC 7429055              ,null                   ,0.83,12.75,11.75,
KIC 7347189 ,KIC 7347189              ,null                   ,0.43,12.16,11.18,
KIC 7103297 ,KIC 7103297              ,null                   ,      ~,     ~,     ~,
KIC 7103666 ,KIC 7103666              ,null                   ,0.64,12.59,11.51,
KIC 6935260 ,KIC 6935260              ,null                   ,1.15,11.98,10.91,
KIC 7020371 ,KIC 7020371              ,null                   ,      ~,13.47,12.13,
KIC 6850417 ,KIC 6850417              ,null                   ,0.57,12.41,11.2,
KIC 6850177 ,KIC 6850177              ,null                   ,      ~,11.8,10.9,
KIC 6851499 ,KIC 6851499              ,null                   ,0.8,12.07,11.02,
KIC 6936796 ,KIC 6936796              ,null                   ,      ~,13.59,11.14,
KIC 7108501 ,KIC 7108501              ,null                   ,0.9,12.13,11.24,
KIC 6854095 ,KIC 6854095              ,null                   ,      ~,     ~,     ~,
KIC 6768319 ,KIC 6768319              ,null                   ,      ~,     ~,     ~,
KIC 6853779 ,KIC 6853779              ,null                   ,      ~,     ~,     ~,
KIC 6854391 ,KIC 6854391              ,null                   ,0.59,12.03,11.44,
KIC 6768355 ,KIC 6768355              ,null                   ,0.49,12.75,11.6,
KIC 7109120 ,KIC 7109120              ,null                   ,0.75,13.09,11.56,
KIC 6940048 ,KIC 6940048              ,null                   ,0.7,11.56,10.66,
KIC 7025721 ,KIC 7025721              ,null                   ,1.47,12.39,11.29,
KIC 7273672 ,KIC 7273672              ,null                   ,0.5,13.66,11.72,
KIC 7191673 ,KIC 7191673              ,null                   ,0.49,12.38,10.89,
KIC 7273426 ,KIC 7273426              ,null                   ,0.39,13.01,11.86,
KIC 6429457 ,KIC 6429457              ,null                   ,0.53,12.91,11.44,
KIC 6428974 ,KIC 6428974              ,null                   ,      ~,     ~,     ~,
KIC 6590363 ,KIC 6590363              ,null                   ,0.8,12.46,11.37,
KIC 6508328 ,KIC 6508328              ,null                   ,0.88,13.27,12.25,
KIC 6508943 ,KIC 6508943              ,null                   ,      ~,     ~,     ~,
KIC 6191288 ,KIC 6191288              ,null                   ,0.94,12.49,11.44,
KIC 6192431 ,KIC 6192431              ,null                   ,0.39,13.12,10.98,
KIC 6430534 ,KIC 6430534              ,null                   ,1.31,12.82,11.23,
KIC 6192043 ,KIC 6192043              ,null                   ,      ~,12.7,12.05,
KIC 6764229 ,KIC 6764229              ,null                   ,0.97,13.18,11.88,
KIC 6849167 ,KIC 6849167              ,null                   ,0.71,12.37,11.11,
KIC 6677653 ,KIC 6677653              ,null                   ,0.93,12.05,10.94,
KIC 6678428 ,KIC 6678428              ,null                   ,0.74,12.71,11.66,
KIC 6765032 ,KIC 6765032              ,null                   ,0.14,12.68,11.9,
KIC 6678432 ,KIC 6678432              ,null                   ,1.37,12.37,11.15,
KIC 6593240 ,KIC 6593240              ,null                   ,      ~,     ~,     ~,
KIC 6431941 ,KIC 6431941              ,null                   ,      ~,     ~,     ~,
KIC 6593623 ,KIC 6593623              ,null                   ,      ~,     ~,     ~,
KIC 6680734 ,KIC 6680734              ,null                   ,0.62,13.34,11.94,
KIC 6680386 ,KIC 6680386              ,null                   ,0.97,13.32,11.94,
KIC 6594505 ,KIC 6594505              ,null                   ,      ~,     ~,     ~,
KIC 6681414 ,KIC 6681414              ,null                   ,1.13,12.81,11.81,
KIC 7674224 ,KIC 7674224              ,null                   ,      ~,     ~,     ~,
KIC 7672969 ,KIC 7672969              ,null                   ,0.91,11.94,10.91,
KIC 7744204 ,KIC 7744204              ,null                   ,0.88,12.6,11.52,
KIC 7518352 ,KIC 7518352              ,null                   ,1.18,11.86,10.92,
KIC 7352718 ,KIC 7352718              ,null                   ,      ~,     ~,     ~,
KIC 7189610 ,KIC 7189610              ,null                   ,0.73,11.84,10.67,
KIC 7190047 ,KIC 7190047              ,null                   ,0.55,12.81,11.63,
KIC 7516687 ,KIC 7516687              ,null                   ,      ~,     ~,     ~,
KIC 7351098 ,KIC 7351098              ,null                   ,0.86,12.01,11.24,
KIC 7270142 ,KIC 7270142              ,null                   ,1.08,13.23,11.63,
KIC 7671562 ,KIC 7671562              ,null                   ,0.26,12.97,11.85,
KIC 7596350 ,KIC 7596350              ,null                   ,0.96,12.67,11.49,
KIC 7743176 ,KIC 7743176              ,null                   ,-0.1,13.49,11.86,
KIC 7672405 ,KIC 7672405              ,null                   ,0.26,13.02,12.11,
KIC 7595285 ,KIC 7595285              ,null                   ,0.94,12.64,11.02,
KIC 7515516 ,KIC 7515516              ,null                   ,1.07,11.65,10.73,
KIC 7431665 ,KIC 7431665              ,null                   ,      ~,     ~,     ~,
KIC 7349386 ,KIC 7349386              ,null                   ,      ~,     ~,     ~,
KIC 7593843 ,KIC 7593843              ,null                   ,      ~,     ~,     ~,
KIC 7430868 ,KIC 7430868              ,null                   ,1.37,11.6,10.65,
KIC 7430415 ,KIC 7430415              ,null                   ,      ~,     ~,     ~,
KIC 7668782 ,KIC 7668782              ,null                   ,      ~,     ~,     ~,
KIC 7592356 ,KIC 7592356              ,null                   ,0.76,13.34,11.44,
KIC 7346442 ,KIC 7346442              ,null                   ,0.48,12.55,11.81,
KIC 7346365 ,KIC 7346365              ,null                   ,0.82,12.8,12.16,
KIC 7591642 ,KIC 7591642              ,null                   ,      ~,     ~,     ~,
KIC 7510604 ,KIC 7510604              ,null                   ,0.37,12.57,11.82,
KIC 7345200 ,KIC 7345200              ,null                   ,0.75,11.61,10.45,
KIC 7017044 ,KIC 7017044              ,null                   ,0.78,11.89,10.91,
KIC 7100768 ,KIC 7100768              ,null                   ,0.37,12.26,11.75,
KIC 7950550 ,KIC 7950550              ,null                   ,1.27,12.38,11.33,
KIC 8088244 ,KIC 8088244              ,null                   ,0.56,13.1,11.95,
KIC 7949599 ,KIC 7949599              ,null                   ,      ~,     ~,     ~,
KIC 7811522 ,KIC 7811522              ,null                   ,0.57,12.77,11.75,
KIC 7949258 ,KIC 7949258              ,null                   ,0.74,13.03,12.68,
KIC 8154541 ,KIC 8154541              ,null                   ,0.41,12.63,11.17,
KIC 8354896 ,KIC 8354896              ,null                   ,1.09,12.53,11.27,
KIC 7670419 ,KIC 7670419              ,null                   ,0.73,12.58,11.45,
KIC 7670489 ,KIC 7670489              ,null                   ,0.59,12.77,12.13,
KIC 8154383 ,KIC 8154383              ,null                   ,0.92,12.11,11.25,
KIC 8086192 ,KIC 8086192              ,null                   ,0.83,12.94,11.87,
KIC 7741179 ,KIC 7741179              ,null                   ,      ~,     ~,     ~,
KIC 7948086 ,KIC 7948086              ,null                   ,      ~,12.81,11.89,
KIC 8017159 ,KIC 8017159              ,null                   ,0,11.91,11.14,
KIC 7948193 ,KIC 7948193              ,null                   ,1.16,12.03,11.05,
KIC 8016118 ,KIC 8016118              ,null                   ,0.9,12.15,11.35,
KIC 7808227 ,KIC 7808227              ,null                   ,0.18,12.94,11.51,
KIC 7807614 ,KIC 7807614              ,null                   ,0.61,13.14,12.23,
KIC 5339823 ,KIC 5339823              ,null                   ,0.3,12.92,11.36,
KIC 5426041 ,KIC 5426041              ,null                   ,-0.1,12.81,11.63,
KIC 5597965 ,KIC 5597965              ,null                   ,0.9,12.06,11.35,
KIC 5685000 ,KIC 5685000              ,null                   ,-0.66,12.25,11.45,
KIC 5512777 ,KIC 5512777              ,null                   ,-0.88,12.5,11.55,
KIC 5770923 ,KIC 5770923              ,null                   ,0.75,11.89,10.81,
KIC 5598789 ,BD+40 3524               ,null                   ,      ~,11.63,10.61,
KIC 5599763 ,KIC 5599763              ,null                   ,      ~,     ~,     ~,
KIC 5514079 ,KIC 5514079              ,null                   ,      ~,     ~,     ~,
KIC 5857618 ,KIC 5857618              ,null                   ,      ~,     ~,     ~,
KIC 5515314 ,KIC 5515314              ,null                   ,1.78,12.25,11.09,
KIC 5772710 ,KIC 5772710              ,null                   ,      ~,12.62,11.59,
KIC 5514974 ,KIC 5514974              ,null                   ,0.62,12.42,11.57,
KIC 5602545 ,KIC 5602545              ,null                   ,0.6,12.25,11.7,
KIC 5859492 ,KIC 5859492              ,null                   ,0.71,12.01,10.55,
KIC 5860093 ,KIC 5860093              ,null                   ,0.96,12.34,11.34,
KIC 5517442 ,KIC 5517442              ,null                   ,0.36,12.35,11.38,
KIC 5689606 ,KIC 5689606              ,null                   ,      ~,     ~,     ~,
KIC 5689343 ,KIC 5689343              ,null                   ,1.01,12.29,11.62,
KIC 5774568 ,KIC 5774568              ,null                   ,      ~,     ~,     ~,
KIC 4814198 ,KIC 4814198              ,null                   ,0.9,12.34,11.02,
KIC 4902641 ,KIC 4902641              ,null                   ,1.05,12.24,11.14,
KIC 4902701 ,KIC 4902701              ,null                   ,0.73,13.61,11.57,
KIC 4633907 ,KIC 4633907              ,null                   ,0.95,12.28,11.25,
KIC 4991033 ,KIC 4991033              ,null                   ,      ~,     ~,     ~,
KIC 4991732 ,KIC 4991732              ,null                   ,      ~,     ~,     ~,
KIC 5167473 ,KIC 5167473              ,null                   ,0.95,13.42,11.82,
KIC 5257167 ,KIC 5257167              ,null                   ,0.72,12.7,11.36,
KIC 5168713 ,KIC 5168713              ,null                   ,      ~,     ~,     ~,
KIC 5168382 ,KIC 5168382              ,null                   ,1.89,13.03,11.66,
KIC 6188215 ,KIC 6188215              ,null                   ,1.12,11.65,10.77,
KIC 5858947 ,KIC 5858947              ,null                   ,1.08,12.13,11.73,
KIC 6425301 ,KIC 6425301              ,null                   ,      ~,     ~,     ~,
KIC 5858034 ,KIC 5858034              ,null                   ,      ~,     ~,     ~,
KIC 6346443 ,KIC 6346443              ,null                   ,0.87,11.85,10.95,
KIC 6185790 ,KIC 6185790              ,null                   ,0.42,12.75,11.99,
KIC 6104786 ,KIC 6104786              ,null                   ,1.42,12.29,11.64,
KIC 6424157 ,KIC 6424157              ,null                   ,      ~,     ~,     ~,
KIC 6345474 ,KIC 6345474              ,null                   ,0.47,12.52,11.46,
KIC 6423690 ,KIC 6423690              ,null                   ,0.97,12.06,11.3,
KIC 6264398 ,KIC 6264398              ,null                   ,0.67,13.03,12.27,
KIC 6343222 ,KIC 6343222              ,null                   ,      ~,     ~,     ~,
KIC 6263410 ,KIC 6263410              ,null                   ,0.59,12.25,11.19,
KIC 6262867 ,KIC 6262867              ,null                   ,0.6,12.96,11.34,
KIC 6262706 ,KIC 6262706              ,null                   ,0.79,12.96,11.35,
KIC 6181896 ,KIC 6181896              ,null                   ,      ~,     ~,     ~,
KIC 6101471 ,KIC 6101471              ,null                   ,      ~,     ~,     ~,
KIC 6929729 ,KIC 6929729              ,null                   ,      ~,     ~,     ~,
KIC 6843557 ,KIC 6843557              ,null                   ,0.38,12.36,11.07,
KIC 6843705 ,KIC 6843705              ,null                   ,0.38,12.36,11.33,
KIC 6928997 ,KIC 6928997              ,null                   ,0.99,12.32,11.52,
KIC 6929280 ,KIC 6929280              ,null                   ,0.42,12.91,11.45,
KIC 6502831 ,KIC 6502831              ,null                   ,0.47,12.55,11.64,
KIC 6756908 ,KIC 6756908              ,null                   ,      ~,     ~,     ~,
KIC 6756579 ,KIC 6756579              ,null                   ,0.66,11.8,10.78,
KIC 6501676 ,KIC 6501676              ,null                   ,      ~,     ~,     ~,
KIC 6755907 ,KIC 6755907              ,null                   ,      ~,     ~,     ~,
KIC 6755830 ,KIC 6755830              ,null                   ,1.14,12.32,11.07,
KIC 6755373 ,KIC 6755373              ,null                   ,1.02,11.61,10.64,
KIC 3323943 ,KIC 3323943              ,null                   ,      ~,13.66,11.95,
KIC 3217051 ,KIC 3217051              ,null                   ,0.21,13.28,11.87,
KIC 3216467 ,KIC 3216467              ,null                   ,0.5,13.61,11.5,
KIC 3526625 ,KIC 3526625              ,null                   ,0.61,13.07,11.77,
KIC 3424105 ,KIC 3424105              ,null                   ,0.96,13.11,12.22,
KIC 3425675 ,KIC 3425675              ,null                   ,0.95,12.34,11.69,
KIC 3527032 ,KIC 3527032              ,null                   ,1.15,12.12,10.92,
KIC 3425476 ,KIC 3425476              ,null                   ,0.47,12.66,12.56,
KIC 3527891 ,KIC 3527891              ,null                   ,0.33,11.64,10.46,
KIC 3529597 ,KIC 3529597              ,null                   ,0.75,12.83,11.97,
KIC 3529276 ,KIC 3529276              ,null                   ,1.09,12.59,11.2,
KIC 3528656 ,KIC 3528656              ,null                   ,0.29,13.29,11.3,
KIC 3631402 ,KIC 3631402              ,null                   ,      ~,     ~,     ~,
KIC 3326790 ,KIC 3326790              ,null                   ,1.61,12.24,11.42,
KIC 3530823 ,KIC 3530823              ,null                   ,      ~,12.68,11.6,
KIC 3531478 ,KIC 3531478              ,null                   ,1.04,12.45,12,
KIC 3222670 ,KIC 3222670              ,null                   ,0.9,11.43,10.4,
KIC 3222220 ,KIC 3222220              ,null                   ,0.89,12.65,11.33,
KIC 3633057 ,KIC 3633057              ,null                   ,0.57,12.98,12.28,
KIC 3633152 ,KIC 3633152              ,null                   ,0.82,12.58,11.37,
KIC 3532734 ,KIC 3532734              ,null                   ,      ~,     ~,     ~,
KIC 3432732 ,KIC 3432732              ,null                   ,1.03,12.05,10.98,
KIC 3736477 ,KIC 3736477              ,null                   ,      ~,     ~,     ~,
KIC 2140446 ,KIC 2140446              ,null                   ,      ~,     ~,     ~,
KIC 2283075 ,KIC 2283075              ,null                   ,1.36,12.69,11.43,
KIC 2554924 ,KIC 2554924              ,null                   ,      ~,13.32,12.12,
KIC 2423824 ,KIC 2423824              ,null                   ,0.83,12.23,11.28,
KIC 2142095 ,KIC 2142095              ,null                   ,0.16,12.96,12.38,
KIC 2141928 ,KIC 2141928              ,null                   ,0.83,11.98,11.11,
KIC 2834230 ,KIC 2834230              ,null                   ,0.58,11.5,10.69,
KIC 2424934 ,KIC 2424934              ,null                   ,0.55,11.56,10.55,
KIC 2285898 ,KIC 2285898              ,null                   ,0.62,12.21,11.11,
KIC 2424822 ,KIC 2424822              ,null                   ,0.53,12.74,11.59,
KIC 3101090 ,KIC 3101090              ,null                   ,0.39,12.31,11.4,
KIC 2696732 ,KIC 2696732              ,null                   ,1.1,13.7,12.64,
KIC 2697082 ,KIC 2697082              ,null                   ,      ~,     ~,     ~,
KIC 2836038 ,KIC 2836038              ,null                   ,0.8,12.71,11.67,
KIC 2973894 ,KIC 2973894              ,null                   ,0.41,12.45,11.95,
KIC 3102479 ,KIC 3102479              ,null                   ,      ~,     ~,     ~,
KIC 3942203 ,KIC 3942203              ,null                   ,0.88,12.96,11.13,
KIC 4042951 ,KIC 4042951              ,null                   ,0.74,11.99,11.46,
KIC 4143460 ,KIC 4143460              ,null                   ,0.79,12.85,12.16,
KIC 3733028 ,KIC 3733028              ,null                   ,      ~,     ~,     ~,
KIC 4350501 ,KIC 4350501              ,null                   ,0.8,13.15,11.89,
KIC 4141815 ,KIC 4141815              ,null                   ,0.79,12.45,11.06,
KIC 3835996 ,KIC 3835996              ,null                   ,      ~,     ~,     ~,
KIC 4041405 ,KIC 4041405              ,null                   ,1.11,13.19,11.67,
KIC 4140726 ,KIC 4140726              ,null                   ,      ~,     ~,     ~,
KIC 3938291 ,KIC 3938291              ,null                   ,1.13,11.92,10.66,
KIC 4039306 ,KIC 4039306              ,null                   ,0.76,13.1,11.68,
KIC 4244973 ,KIC 4244973              ,null                   ,1.05,11.68,10.63,
KIC 4139914 ,KIC 4139914              ,null                   ,1.02,11.53,10.45,
KIC 4139784 ,KIC 4139784              ,null                   ,1,13.15,11.13,
KIC 4040211 ,KIC 4040211              ,null                   ,0.67,13.07,11.9,
KIC 3937217 ,KIC 3937217              ,null                   ,1.22,12.78,11.75,
KIC 4243796 ,KIC 4243796              ,null                   ,0.74,11.94,10.86,
KIC 4243803 ,KIC 4243803              ,null                   ,0.3,12.17,10.66,
KIC 4346893 ,KIC 4346893              ,null                   ,1.26,11.91,10.63,
KIC 4346319 ,KIC 4346319              ,null                   ,0.41,12.73,11.55,
KIC 4445711 ,KIC 4445711              ,null                   ,0.83,11.88,11.06,
KIC 4241369 ,KIC 4241369              ,null                   ,1.04,11.77,10.66,
KIC 4345370 ,KIC 4345370              ,null                   ,      ~,     ~,     ~,
KIC 3934458 ,KIC 3934458              ,null                   ,1.1,11.68,10.9,
KIC 4136374 ,KIC 4136374              ,null                   ,0.79,12.02,11.37,
KIC 4036300 ,KIC 4036300              ,null                   ,      ~,13.12,11.78,
KIC 4036007 ,KIC 4036007              ,null                   ,      ~,     ~,     ~,
KIC 5084662 ,KIC 5084662              ,null                   ,0.81,12.95,12.02,
KIC 4548564 ,KIC 4548564              ,null                   ,      ~,     ~,     ~,
KIC 4640537 ,KIC 4640537              ,null                   ,      ~,     ~,     ~,
KIC 5083936 ,KIC 5083936              ,null                   ,0.84,11.88,10.92,
KIC 4995788 ,KIC 4995788              ,null                   ,      ~,     ~,     ~,
KIC 4546625 ,KIC 4546625              ,null                   ,0.78,13.62,12.03,
KIC 4448636 ,KIC 4448636              ,null                   ,      ~,     ~,     ~,
KIC 4545474 ,KIC 4545474              ,null                   ,0.85,12.54,10.99,
KIC 4638317 ,KIC 4638317              ,null                   ,0.57,12.95,11.82,
KIC 4906950 ,KIC 4906950              ,null                   ,      ~,11.92,11,
KIC 4543229 ,KIC 4543229              ,null                   ,      ~,     ~,     ~,
KIC 1864855 ,KIC 1864855              ,null                   ,      ~,     ~,     ~,
KIC 2444348 ,KIC 2444348              ,null                   ,0.65,11.9,10.74,
KIC 2303367 ,KIC 2303367              ,null                   ,1.45,11.55,10.41,
KIC 2305930 ,KIC 2305930              ,null                   ,0.79,12.2,11.02,
KIC 2018392 ,KIC 2018392              ,null                   ,      ~,     ~,     ~,
KIC 2307683 ,KIC 2307683              ,null                   ,0.27,13.68,11.69,
KIC 1726211 ,KIC 1726211              ,null                   ,1.13,12.14,11.16,
KIC 2448225 ,KIC 2448225              ,null                   ,1.41,12.68,11.07,
KIC 2449703 ,KIC 2449703              ,null                   ,      ~,13.26,11.92,
KIC 2309469 ,KIC 2309469              ,null                   ,      ~,     ~,     ~,
KIC 2996112 ,KIC 2996112              ,null                   ,      ~,     ~,     ~,
KIC 1720425 ,KIC 1720425              ,null                   ,      ~,     ~,     ~,
KIC 1162746 ,KIC 1162746              ,null                   ,0.95,13.03,11.66,
KIC 1432587 ,KIC 1432587              ,null                   ,      ~,13.83,12.57,
KIC 1433730 ,KIC 1433730              ,null                   ,-0.28,12.21,11.19,
KIC 1576469 ,KIC 1576469              ,null                   ,1.35,11.4,10.42,
KIC 1433593 ,KIC 1433593              ,null                   ,1.18,12.38,11.71,
KIC 1435573 ,KIC 1435573              ,null                   ,0.64,13.19,11.7,
KIC 3120486 ,KIC 3120486              ,null                   ,      ~,     ~,     ~,
KIC 3120585 ,KIC 3120585              ,null                   ,0.91,12.96,11.77,
KIC 2714397 ,KIC 2714397              ,null                   ,      ~,11.79,10.75,
KIC 3444374 ,KIC 3444374              ,null                   ,1.18,13.45,11.8,
KIC 2988988 ,KIC 2988988              ,null                   ,1.02,12.39,11.08,
KIC 3114408 ,KIC 3114408              ,null                   ,      ~,13.12,12.33,
KIC 3231503 ,KIC 3231503              ,null                   ,1.04,12.28,11.11,
KIC 3748691 ,KIC 3748691              ,null                   ,1.03,13.06,12.25,
KIC 3955590 ,KIC 3955590              ,null                   ,1.45,12.06,10.81,
KIC 4057744 ,KIC 4057744              ,null                   ,1.12,12.34,11.33,
KIC 4262505 ,KIC 4262505              ,null                   ,1.31,11.62,10.66,
KIC 3747777 ,KIC 3747777              ,null                   ,1.03,12.93,11.72,
KIC 3545147 ,KIC 3545147              ,null                   ,1.01,11.76,10.82,
KIC 3747860 ,KIC 3747860              ,null                   ,      ~,     ~,     ~,
KIC 4056266 ,KIC 4056266              ,null                   ,      ~,12.89,12.67,
KIC 3849027 ,KIC 3849027              ,null                   ,      ~,     ~,     ~,
KIC 3443483 ,KIC 3443483              ,null                   ,1.25,13.13,11.81,
KIC 3645232 ,KIC 3645232              ,null                   ,-0.48,12.74,11.75,
KIC 3339894 ,KIC 3339894              ,null                   ,0.32,12.78,11.6,
KIC 3847071 ,KIC 3847071              ,null                   ,1.02,13.31,12.29,
KIC 3642038 ,KIC 3642038              ,null                   ,0.84,12.76,11.78,
KIC 3847697 ,KIC 3847697              ,null                   ,      ~,     ~,     ~,
KIC 3453419 ,KIC 3453419              ,null                   ,0.45,13.45,11.97,
KIC 3860176 ,KIC 3860176              ,null                   ,0.75,13.24,12.37,
KIC 4168909 ,KIC 4168909              ,null                   ,1.32,12.25,11.41,
KIC 3760337 ,KIC 3760337              ,null                   ,0.92,11.82,10.79,
KIC 3869326 ,KIC 3869326              ,null                   ,      ~,13.02,12.32,
KIC 3560181 ,KIC 3560181              ,null                   ,1.29,12.48,11.49,
KIC 4760954 ,KIC 4760954              ,null                   ,0.85,12.62,12.12,
KIC 4279700 ,KIC 4279700              ,null                   ,0.82,13.62,11.88,
KIC 4575645 ,KIC 4575645              ,null                   ,1.09,11.72,10.65,
KIC 4937204 ,KIC 4937204              ,null                   ,      ~,     ~,     ~,
KIC 4378473 ,KIC 4378473              ,null                   ,0.51,12.52,11.54,
KIC 4475934 ,KIC 4475934              ,null                   ,-0.87,12.87,12.17,
KIC 4755467 ,KIC 4755467              ,null                   ,0.77,12.05,11.32,
KIC 4662939 ,KIC 4662939              ,null                   ,1.03,12.24,11.02,
KIC 4570555 ,KIC 4570555              ,null                   ,2.11,12.74,11.74,
KIC 4843143 ,KIC 4843143              ,null                   ,1.25,11.69,10.91,
KIC 4569298 ,KIC 4569298              ,null                   ,      ~,12.5,11.91,
KIC 4271039 ,KIC 4271039              ,null                   ,0.68,13.14,12.09,
KIC 4469886 ,KIC 4469886              ,null                   ,      ~,     ~,     ~,
KIC 4469602 ,KIC 4469602              ,null                   ,0.79,12.53,11.27,
KIC 5288716 ,KIC 5288716              ,null                   ,      ~,     ~,     ~,
KIC 5287610 ,KIC 5287610              ,null                   ,      ~,     ~,     ~,
KIC 5374118 ,KIC 5374118              ,null                   ,1.69,12.8,11.68,
KIC 5283798 ,KIC 5283798              ,null                   ,0.6,12.76,12.13,
KIC 4930906 ,KIC 4930906              ,null                   ,0.35,12.7,11.78,
KIC 5104949 ,KIC 5104949              ,null                   ,0.75,13.41,11.69,
KIC 5017711 ,KIC 5017711              ,null                   ,      ~,     ~,     ~,
KIC 3656231 ,KIC 3656231              ,null                   ,1.36,13.24,12.76,
KIC 4169130 ,KIC 4169130              ,null                   ,1.13,12.3,11.52,
KIC 3758458 ,KIC 3758458              ,null                   ,0.8,12.72,11.39,
KIC 4275625 ,KIC 4275625              ,null                   ,0.26,12.69,11.63,
KIC 3660976 ,KIC 3660976              ,null                   ,0.39,12.99,12.08,
KIC 3455760 ,KIC 3455760              ,null                   ,0.76,12.13,11.39,
KIC 3457618 ,KIC 3457618              ,null                   ,      ~,     ~,     ~,
KIC 4764420 ,KIC 4764420              ,null                   ,2.58,12.98,11.57,
KIC 4764422 ,KIC 4764422              ,null                   ,0.78,12.63,11.49,
KIC 4570120 ,KIC 4570120              ,null                   ,1.75,13.01,11.46,
KIC 4269391 ,KIC 4269391              ,null                   ,-0.35,12.16,11.27,
KIC 4164910 ,KIC 4164910              ,null                   ,0.91,12.44,11.09,
KIC 5288607 ,KIC 5288607              ,null                   ,      ~,     ~,     ~,
KIC 5285357 ,KIC 5285357              ,null                   ,      ~,12.84,12.12,
KIC 5196152 ,KIC 5196152              ,null                   ,1.27,12.28,11.76,
KIC 4933594 ,KIC 4933594              ,null                   ,      ~,     ~,     ~,
KIC 5282875 ,KIC 5282875              ,null                   ,0.61,12.02,11.24,
KIC 5283958 ,KIC 5283958              ,null                   ,0.66,13.17,11.58,
