typed ident ;                    identifier                    
KIC 10907196;TYC 3545-1021-1          KIC 10907196             
KIC 10962775;TYC 3545-523-1           KIC 10962775             
KIC 11177749;TYC 3549-260-1           KIC 11177749             
KIC 11231549;TYC 3549-2441-1          KIC 11231549             
KIC 11178396;KIC 11178396                                      
KIC 11072334;TYC 3545-461-1           KIC 11072334             
KIC 11232225;KIC 11232225                                      
KIC 11179815;TYC 3549-572-1           KIC 11179815             
KIC 11018710;KIC 11018710                                      
KIC 11180468;TYC 3549-380-1           KIC 11180468             
KIC 11340165;KIC 11340165                                      
KIC 11287679;TYC 3549-2869-1          KIC 11287679             
KIC 11234625;TYC 3549-2813-1          KIC 11234625             
KIC 11128910;TYC 3550-900-1           KIC 11128910             
KIC 11129153;TYC 3550-1536-1          KIC 11129153             
KIC 11289335;TYC 3550-262-1           KIC 11289335             
KIC 11289128;TYC 3550-668-1           KIC 11289128             
KIC 11129480;TYC 3546-118-1           KIC 11129480             
KIC 11129945;TYC 3550-1540-1          KIC 11129945             
KIC 11236536;TYC 3550-974-1           KIC 11236536             
KIC 11289822;TYC 3550-318-1           KIC 11289822             
KIC 10651578;KIC 10651578                                      
KIC 10651320;TYC 3545-1088-1          KIC 10651320             
KIC 10847321;TYC 3545-116-1           KIC 10847321             
KIC 11018922;TYC 3545-111-1           KIC 11018922             
KIC 11018745;TYC 3545-927-1           KIC 11018745             
KIC 10848618;TYC 3545-2139-1          KIC 10848618             
KIC 10908322;TYC 3545-961-1           KIC 10908322             
KIC 10964584;TYC 3545-1077-1          KIC 10964584             
KIC 10784013;KIC 10784013                                      
KIC 10849541;TYC 3545-1099-1          KIC 10849541             
KIC 10718491;TYC 3545-560-1           KIC 10718491             
KIC 10653383;TYC 3545-1014-1          KIC 10653383             
KIC 11074543;TYC 3545-2701-1          KIC 11074543             
KIC 11019954;TYC 3545-2735-1          KIC 11019954             
KIC 11020211;TYC 3545-2679-1          KIC 11020211             
KIC 11020101;KIC 11020101                                      
KIC 10910802;KIC 10910802                                      
KIC 11075908;TYC 3546-886-1           KIC 11075908             
KIC 10966458;TYC 3546-1350-1          KIC 10966458             
KIC 10910674;TYC 3545-2681-1          KIC 10910674             
KIC 11551758;TYC 3550-360-1           KIC 11551758             
KIC 11499428;KIC 11499428                                      
KIC 11551746;TYC 3550-748-1           KIC 11551746             
KIC 11394905;TYC 3550-530-1           KIC 11394905             
KIC 11550567;TYC 3549-2791-1          KIC 11550567             
KIC 11498298;TYC 3549-2716-1          KIC 11498298             
KIC 11704163;TYC 3550-1841-1          KIC 11704163             
KIC 11341723;TYC 3550-618-1           KIC 11341723             
KIC 11287936;TYC 3549-2835-1          KIC 11287936             
KIC 11653073;TYC 3549-2844-1          KIC 11653073             
KIC 11702195;TYC 3549-1028-1          KIC 11702195             
KIC 11600208;KIC 11600208                                      
KIC 11548940;TYC 3549-1913-1          KIC 11548940             
KIC 11444313;TYC 3549-1225-1          KIC 11444313             
KIC 11599342;TYC 3549-2512-1          KIC 11599342             
KIC 11546913;TYC 3549-1735-1          KIC 11546913             
KIC 11598116;KIC 11598116                                      
KIC 11494312;TYC 3549-2444-1          KIC 11494312             
KIC 11441797;TYC 3548-907-1           KIC 11441797             
KIC 11442227;TYC 3548-81-1            KIC 11442227             
KIC 11177727;TYC 3549-191-1           KIC 11177727             
KIC 11905840;KIC 11905840                                      
KIC 11955410;TYC 3549-2771-1          KIC 11955410             
KIC 12005162;TYC 3549-2615-1          KIC 12005162             
KIC 11805460;TYC 3550-1685-1          KIC 11805460             
KIC 11805792;TYC 3550-583-1           KIC 11805792             
KIC 11855110;TYC 3549-1640-1          KIC 11855110             
KIC 11754056;KIC 11754056                                      
KIC 11804677;TYC 3549-465-1           KIC 11804677             
KIC 11703230;TYC 3549-2051-1          KIC 11703230             
KIC 11954465;TYC 3549-111-1           KIC 11954465             
KIC 11954278;TYC 3549-516-1           KIC 11954278             
KIC 11953849;TYC 3549-850-1           KIC 11953849             
KIC 12003742;TYC 3549-983-1           KIC 12003742             
KIC 11753018;TYC 3549-1475-1          KIC 11753018             
KIC 11752707;TYC 3549-1192-1          KIC 11752707             
KIC 12003253;TYC 3549-471-1           KIC 12003253             
KIC 11953581;TYC 3549-468-1           KIC 11953581             
KIC 11250152;KIC 11250152                                      
KIC 11250139;TYC 3564-2731-1          KIC 11250139             
KIC 11563791;TYC 3564-1597-1          KIC 11563791             
KIC 11615224;TYC 3564-1558-1          KIC 11615224             
KIC 11512096;TYC 3564-2012-1          KIC 11512096             
KIC 11564307;TYC 3564-2830-1          KIC 11564307             
KIC 11668246;TYC 3564-2990-1          KIC 11668246             
KIC 11668036;TYC 3564-3116-1          KIC 11668036             
KIC 11667928;TYC 3564-3088-1          KIC 11667928             
KIC 11357004;TYC 3564-3102-1          KIC 11357004             
KIC 11513798;TYC 3564-2930-1          KIC 11513798             
KIC 11617622;KIC 11617622                                      
KIC 11669113;TYC 3565-1187-1          KIC 11669113             
KIC 11410217;KIC 11410217                                      
KIC 11514322;TYC 3564-3146-1          KIC 11514322             
KIC 11410549;TYC 3565-1214-1          KIC 11410549             
KIC 11357686;KIC 11357686                                      
KIC 11463411;TYC 3565-116-1           KIC 11463411             
KIC 11515377;TYC 3565-216-1           KIC 11515377             
KIC 11721438;KIC 11721438                                      
KIC 11669622;TYC 3565-1461-1          KIC 11669622             
KIC 11567572;TYC 3565-1421-1          KIC 11567572             
KIC 11568605;TYC 3565-1481-1          KIC 11568605             
KIC 11517524;TYC 3565-780-1           KIC 11517524             
KIC 11567563;KIC 11567563                                      
KIC 11518492;TYC 3565-652-1           KIC 11518492             
KIC 11413158;TYC 3565-1220-1          KIC 11413158             
KIC 11465784;TYC 3565-20-1            KIC 11465784             
KIC 11569659;TYC 3565-1299-1          KIC 11569659             
KIC 11519991;TYC 3565-354-1           KIC 11519991             
KIC 11623012;TYC 3565-915-1           KIC 11623012             
KIC 11621486;TYC 3565-1263-1          KIC 11621486             
KIC 11521352;KIC 11521352                                      
KIC 11572172;TYC 3565-426-1           KIC 11572172             
KIC 11521197;KIC 11521197                                      
KIC 11468340;TYC 3565-984-1           KIC 11468340             
KIC 11673900;TYC 3565-513-1           KIC 11673900             
KIC 11674692;KIC 11674692                                      
KIC 11775398;TYC 3565-639-1           KIC 11775398             
KIC 11775511;TYC 3565-389-1           KIC 11775511             
KIC 11090395;TYC 3560-2944-1          KIC 11090395             
KIC 11037290;TYC 3560-2899-1          KIC 11037290             
KIC 11037219;TYC 3560-3227-1          KIC 11037219             
KIC 11090673;KIC 11090673                                      
KIC 11251136;TYC 3564-2958-1          KIC 11251136             
KIC 11250488;TYC 3564-2049-1          KIC 11250488             
KIC 11252233;TYC 3565-1110-1          KIC 11252233             
KIC 11251837;TYC 3565-1130-1          KIC 11251837             
KIC 11357931;TYC 3565-1180-1          KIC 11357931             
KIC 11197457;TYC 3564-3020-1          KIC 11197457             
KIC 11145563;KIC 11145563                                      
KIC 11146230;TYC 3561-55-1            KIC 11146230             
KIC 10983401;TYC 3561-943-1           KIC 10983401             
KIC 11146152;TYC 3565-894-1           KIC 11146152             
KIC 11359175;TYC 3565-940-1           KIC 11359175             
KIC 11358755;TYC 3565-172-1           KIC 11358755             
KIC 11252437;TYC 3565-146-1           KIC 11252437             
KIC 11305250;TYC 3565-1240-1          KIC 11305250             
KIC 11146647;KIC 11146647                                      
KIC 11199105;KIC 11199105                                      
KIC 11199783;KIC 11199783                                      
KIC 11252706;KIC 11252706                                      
KIC 11360886;TYC 3565-1288-1          KIC 11360886             
KIC 11413138;KIC 11413138                                      
KIC 11200573;TYC 3565-446-1           KIC 11200573             
KIC 11307599;TYC 3565-774-1           KIC 11307599             
KIC 11308784;TYC 3565-368-1           KIC 11308784             
KIC 11308660;TYC 3565-1096-1          KIC 11308660             
KIC 11361765;TYC 3565-1186-1          KIC 11361765             
KIC 11414700;KIC 11414700                                      
KIC 12121377;KIC 12121377                                      
KIC 12121656;KIC 12121656                                      
KIC 11924919;TYC 3565-1428-1          KIC 11924919             
KIC 11824976;KIC 11824976                                      
KIC 11973853;TYC 3565-225-1           KIC 11973853             
KIC 12121207;TYC 3569-366-1           KIC 12121207             
KIC 11823838;TYC 3565-661-1           KIC 11823838             
KIC 11722424;TYC 3565-1101-1          KIC 11722424             
KIC 11971940;TYC 3565-527-1           KIC 11971940             
KIC 11721374;TYC 3565-429-1           KIC 11721374             
KIC 11971123;TYC 3565-209-1           KIC 11971123             
KIC 11970987;TYC 3565-321-1           KIC 11970987             
KIC 11821439;TYC 3565-383-1           KIC 11821439             
KIC 11819760;TYC 3564-99-1            KIC 11819760             
KIC 11920678;TYC 3564-2955-1          KIC 11920678             
KIC 11820688;TYC 3564-2931-1          KIC 11820688             
KIC 11869095;TYC 3564-834-1           KIC 11869095             
KIC 12017985;TYC 3564-630-1           KIC 12017985             
KIC 11868264;KIC 11868264                                      
KIC 11769182;TYC 3564-247-1           KIC 11769182             
KIC 12114999;KIC 12114999                                      
KIC 11868246;KIC 11868246                                      
KIC 11767058;TYC 3564-1163-1          KIC 11767058             
KIC 11614827;KIC 11614827                                      
KIC 11716326;TYC 3564-777-1           KIC 11716326             
KIC 12418515;KIC 12418515                                      
KIC 12316494;KIC 12316494                                      
KIC 12367827;TYC 3569-375-1           KIC 12367827             
KIC 12169845;TYC 3569-363-1           KIC 12169845             
KIC 12120230;TYC 3565-1423-1          KIC 12120230             
KIC 12217154;TYC 3569-222-1           KIC 12217154             
KIC 12168406;KIC 12168406                                      
KIC 12366461;KIC 12366461                                      
KIC 12366537;TYC 3569-51-1            KIC 12366537             
KIC 12470054;TYC 3569-22-1            KIC 12470054             
KIC 12070114;TYC 3565-25-1            KIC 12070114             
KIC 12070650;TYC 3565-257-1           KIC 12070650             
KIC 12314927;TYC 3569-273-1           KIC 12314927             
KIC 12365293;TYC 3569-514-1           KIC 12365293             
KIC 12314910;TYC 3569-26-1            KIC 12314910             
KIC 12215647;KIC 12215647                                      
KIC 12167521;TYC 3569-104-1           KIC 12167521             
KIC 12216750;KIC 12216750                                      
KIC 12118044;KIC 12118044                                      
KIC 12117790;TYC 3564-2949-1          KIC 12117790             
KIC 12164879;TYC 3568-39-1            KIC 12164879             
KIC 12116393;KIC 12116393                                      
KIC 12067001;TYC 3564-86-1            KIC 12067001             
KIC 10662618;TYC 3547-1541-1          KIC 10662618             
KIC 10793771;TYC 3547-480-1           KIC 10793771             
KIC 10793872;TYC 3547-1135-1          KIC 10793872             
KIC 10858331;KIC 10858331                                      
KIC 10973854;TYC 3547-809-1           KIC 10973854             
KIC 10532751;TYC 3547-2036-1          KIC 10532751             
KIC 10598558;TYC 3547-923-1           KIC 10598558             
KIC 11028575;KIC 11028575                                      
KIC 11028372;KIC 11028372                                      
KIC 10918731;TYC 3547-1275-1          KIC 10918731             
KIC 10859779;KIC 10859779                                      
KIC 10859941;TYC 3547-1404-1          KIC 10859941             
KIC 10977629;TYC 3560-1160-1          KIC 10977629             
KIC 10921258;KIC 10921258                                      
KIC 10799530;TYC 3560-1310-1          KIC 10799530             
KIC 10667886;TYC 3560-2272-1          KIC 10667886             
KIC 10801063;TYC 3560-1174-1          KIC 10801063             
KIC 10669123;KIC 10669123                                      
KIC 10979181;KIC 10979181                                      
KIC 10864711;TYC 3560-758-1           KIC 10864711             
KIC 10604460;TYC 3560-1471-1          KIC 10604460             
KIC 10670445;TYC 3560-9-1             KIC 10670445             
KIC 10736390;TYC 3560-2382-1          KIC 10736390             
KIC 10735926;TYC 3560-1696-1          KIC 10735926             
KIC 10866415;TYC 3560-968-1           KIC 10866415             
KIC 10979742;KIC 10979742                                      
KIC 11141358;KIC 11141358                                      
KIC 10206307;TYC 3547-2518-1          KIC 10206307             
KIC 10206840;KIC 10206840                                      
KIC 10468528;TYC 3547-2111-1          KIC 10468528             
KIC 10402819;TYC 3547-2592-1          KIC 10402819             
KIC 10467570;KIC 10467570                                      
KIC 10272641;TYC 3547-2212-1          KIC 10272641             
KIC 10207321;TYC 3547-2363-1          KIC 10207321             
KIC 10207059;KIC 10207059                                      
KIC 10469976;TYC 3547-1469-1          KIC 10469976             
KIC 10599712;TYC 3547-971-1           KIC 10599712             
KIC 10666932;TYC 3547-1626-1          KIC 10666932             
KIC 10600926;TYC 3547-1368-1          KIC 10600926             
KIC 10602976;TYC 3560-269-1           KIC 10602976             
KIC 10602374;KIC 10602374                                      
KIC 10602015;TYC 3560-135-1           KIC 10602015             
KIC 10474071;KIC 10474071                                      
KIC 10603170;KIC 10603170                                      
KIC 10603958;TYC 3560-411-1           KIC 10603958             
KIC 10473692;TYC 3560-1487-1          KIC 10473692             
KIC 11509792;TYC 3564-1976-1          KIC 11509792             
KIC 11352756;TYC 3564-2677-1          KIC 11352756             
KIC 11247049;TYC 3564-2191-1          KIC 11247049             
KIC 11298714;TYC 3564-2686-1          KIC 11298714             
KIC 11298371;TYC 3564-2198-1          KIC 11298371             
KIC 11298561;KIC 11298561                                      
KIC 11085809;TYC 3560-122-1           KIC 11085809             
KIC 11138375;KIC 11138375                                      
KIC 11031040;TYC 3560-612-1           KIC 11031040             
KIC 11191557;TYC 3551-509-1           KIC 11191557             
KIC 11244968;TYC 3551-1007-1          KIC 11244968             
KIC 11191444;KIC 11191444                                      
KIC 11245307;KIC 11245307                                      
KIC 11244855;TYC 3551-159-1           KIC 11244855             
KIC 11084620;TYC 3547-187-1           KIC 11084620             
KIC 11190768;TYC 3551-465-1           KIC 11190768             
KIC 11083701;TYC 3547-601-1           KIC 11083701             
KIC 11084022;TYC 3547-711-1           KIC 11084022             
KIC 11083613;TYC 3547-198-1           KIC 11083613             
KIC 11083319;TYC 3547-265-1           KIC 11083319             
KIC 11136854;TYC 3547-436-1           KIC 11136854             
KIC 11135910;TYC 3551-1107-1          KIC 11135910             
KIC 11188067;TYC 3551-911-1           KIC 11188067             
KIC 11135286;TYC 3551-251-1           KIC 11135286             
KIC 11027005;TYC 3547-793-1           KIC 11027005             
KIC 11027337;KIC 11027337                                      
KIC 11293804;TYC 3551-129-1           KIC 11293804             
KIC 11294218;TYC 3551-15-1            KIC 11294218             
KIC 11026472;TYC 3547-1293-1          KIC 11026472             
KIC 10857953;TYC 3547-1187-1          KIC 10857953             
KIC 11612171;TYC 3564-1181-1          KIC 11612171             
KIC 11612603;TYC 3564-227-1           KIC 11612603             
KIC 11509608;KIC 11509608                                      
KIC 11509277;TYC 3564-1608-1          KIC 11509277             
KIC 11560939;KIC 11560939                                      
KIC 11456449;TYC 3564-999-1           KIC 11456449             
KIC 11508970;TYC 3564-1227-1          KIC 11508970             
KIC 11559818;TYC 3551-1679-1          KIC 11559818             
KIC 11403437;KIC 11403437                                      
KIC 11351140;TYC 3551-2461-1          KIC 11351140             
KIC 11350954;TYC 3551-281-1           KIC 11350954             
KIC 11455925;TYC 3551-1719-1          KIC 11455925             
KIC 11559645;KIC 11559645                                      
KIC 11661782;TYC 3551-1737-1          KIC 11661782             
KIC 11559478;TYC 3551-1634-1          KIC 11559478             
KIC 11455176;TYC 3551-1959-1          KIC 11455176             
KIC 11453905;TYC 3551-2163-1          KIC 11453905             
KIC 11401466;TYC 3551-2355-1          KIC 11401466             
KIC 11453627;TYC 3551-2338-1          KIC 11453627             
KIC 11349014;TYC 3551-2446-1          KIC 11349014             
KIC 11295851;TYC 3551-641-1           KIC 11295851             
KIC 9760904 ;TYC 3542-221-1           KIC 9760904              
KIC 9700899 ;TYC 3542-5-1             KIC 9700899              
KIC 9761625 ;TYC 3542-868-1           KIC 9761625              
KIC 9821783 ;TYC 3542-2210-1          KIC 9821783              
KIC 9881628 ;TYC 3542-71-1            KIC 9881628              
KIC 9456153 ;TYC 3542-2022-1          KIC 9456153              
KIC 9579328 ;TYC 3542-842-1           KIC 9579328              
KIC 9882550 ;KIC 9882550                                       
KIC 9883123 ;TYC 3542-2424-1          KIC 9883123              
KIC 9702057 ;TYC 3542-1602-1          KIC 9702057              
KIC 9883214 ;TYC 3542-588-1           KIC 9883214              
KIC 9641246 ;KIC 9641246                                       
KIC 9579860 ;TYC 3542-1798-1          KIC 9579860              
KIC 9640886 ;TYC 3542-98-1            KIC 9640886              
KIC 9518506 ;TYC 3542-984-1           KIC 9518506              
KIC 9641772 ;TYC 3542-1386-1          KIC 9641772              
KIC 9641484 ;TYC 3542-510-1           KIC 9641484              
KIC 9580991 ;TYC 3542-672-1           KIC 9580991              
KIC 9763419 ;TYC 3542-1638-1          KIC 9763419              
KIC 9702841 ;KIC 9702841                                       
KIC 9581445 ;TYC 3542-646-1           KIC 9581445              
KIC 9825039 ;TYC 3542-1578-1          KIC 9825039              
KIC 9644558 ;TYC 3543-2244-1          KIC 9644558              
KIC 9583430 ;TYC 3543-1808-1          KIC 9583430              
KIC 9946773 ;TYC 3543-646-1           KIC 9946773              
KIC 9705636 ;TYC 3543-1140-1          KIC 9705636              
KIC 9704774 ;KIC 9704774                                       
KIC 9583720 ;TYC 3543-1344-1          KIC 9583720              
KIC 9706209 ;TYC 3543-1989-1          KIC 9706209              
KIC 9706194 ;TYC 3543-1132-1          KIC 9706194              
KIC 9706585 ;KIC 9706585                                       
KIC 9767332 ;TYC 3543-1278-1          KIC 9767332              
KIC 9145781 ;TYC 3542-1069-1          KIC 9145781              
KIC 9145952 ;TYC 3542-153-1           KIC 9145952              
KIC 9395535 ;TYC 3542-2411-1          KIC 9395535              
KIC 9332840 ;KIC 9332840                                       
KIC 9333290 ;TYC 3542-2360-1          KIC 9333290              
KIC 9333501 ;TYC 3542-2156-1          KIC 9333501              
KIC 9333184 ;TYC 3542-2339-1          KIC 9333184              
KIC 9396095 ;TYC 3542-1954-1          KIC 9396095              
KIC 9456478 ;TYC 3542-2417-1          KIC 9456478              
KIC 9080445 ;TYC 3542-1199-1          KIC 9080445              
KIC 9080175 ;TYC 3542-2075-1          KIC 9080175              
KIC 9080407 ;TYC 3542-2161-1          KIC 9080407              
KIC 9396363 ;TYC 3542-1838-1          KIC 9396363              
KIC 9147335 ;TYC 3542-665-1           KIC 9147335              
KIC 9211401 ;TYC 3542-105-1           KIC 9211401              
KIC 9273827 ;KIC 9273827                                       
KIC 9520156 ;TYC 3542-1224-1          KIC 9520156              
KIC 9336090 ;KIC 9336090                                       
KIC 9335518 ;KIC 9335518                                       
KIC 9582005 ;TYC 3542-1034-1          KIC 9582005              
KIC 9521461 ;TYC 3543-1293-1          KIC 9521461              
KIC 10202184;TYC 3546-585-1           KIC 10202184             
KIC 10136291;TYC 3547-2908-1          KIC 10136291             
KIC 10071249;TYC 3547-684-1           KIC 10071249             
KIC 10006852;TYC 3547-928-1           KIC 10006852             
KIC 10005966;TYC 3546-1073-1          KIC 10005966             
KIC 10068810;TYC 3546-931-1           KIC 10068810             
KIC 9945290 ;KIC 9945290                                       
KIC 10005422;KIC 10005422                                      
KIC 10267242;TYC 3546-777-1           KIC 10267242             
KIC 10003419;TYC 3546-1017-1          KIC 10003419             
KIC 10199187;KIC 10199187                                      
KIC 10132247;TYC 3546-399-1           KIC 10132247             
KIC 10066568;TYC 3546-601-1           KIC 10066568             
KIC 9942816 ;TYC 3542-46-1            KIC 9942816              
KIC 9882446 ;TYC 3542-1016-1          KIC 9882446              
KIC 10065848;TYC 3546-635-1           KIC 10065848             
KIC 10002647;TYC 3546-949-1           KIC 10002647             
KIC 10328498;TYC 3545-2676-1          KIC 10328498             
KIC 9881167 ;TYC 3542-329-1           KIC 9881167              
KIC 10196797;TYC 3545-2888-1          KIC 10196797             
KIC 10196240;TYC 3545-2882-1          KIC 10196240             
KIC 9941141 ;TYC 3541-2848-1          KIC 9941141              
KIC 9820702 ;TYC 3541-2978-1          KIC 9820702              
KIC 10659100;TYC 3546-173-1           KIC 10659100             
KIC 10593078;KIC 10593078                                      
KIC 10592924;TYC 3546-2253-1          KIC 10592924             
KIC 10724027;TYC 3546-1440-1          KIC 10724027             
KIC 10723388;TYC 3546-814-1           KIC 10723388             
KIC 10527661;TYC 3546-1872-1          KIC 10527661             
KIC 10592249;TYC 3546-1738-1          KIC 10592249             
KIC 10721900;TYC 3546-1400-1          KIC 10721900             
KIC 10461757;TYC 3546-2321-1          KIC 10461757             
KIC 10395638;TYC 3546-1585-1          KIC 10395638             
KIC 10198347;TYC 3546-497-1           KIC 10198347             
KIC 10525475;TYC 3546-1967-1          KIC 10525475             
KIC 10525282;TYC 3546-1962-1          KIC 10525282             
KIC 10525595;TYC 3546-1840-1          KIC 10525595             
KIC 10590683;TYC 3546-1238-1          KIC 10590683             
KIC 10524715;TYC 3546-2040-1          KIC 10524715             
KIC 10394814;TYC 3546-461-1           KIC 10394814             
KIC 10459696;TYC 3546-2135-1          KIC 10459696             
KIC 10394570;KIC 10394570                                      
KIC 8479182 ;TYC 3131-1743-1          KIC 8479182              
KIC 8607581 ;TYC 3131-955-1           KIC 8607581              
KIC 8737032 ;TYC 3131-756-1           KIC 8737032              
KIC 8802374 ;TYC 3540-388-1           KIC 8802374              
KIC 8867740 ;TYC 3540-481-1           KIC 8867740              
KIC 8479383 ;TYC 3131-1639-1          KIC 8479383              
KIC 8479780 ;TYC 3131-879-1           KIC 8479780              
KIC 8674581 ;TYC 3131-913-1           KIC 8674581              
KIC 8739118 ;TYC 3131-736-1           BD+44 3033               
KIC 8738834 ;TYC 3131-760-1           KIC 8738834              
KIC 8804395 ;TYC 3541-2568-1          KIC 8804395              
KIC 8675106 ;TYC 3132-160-1           KIC 8675106              
KIC 8676094 ;TYC 3132-962-1           KIC 8676094              
KIC 8611114 ;TYC 3132-924-1           KIC 8611114              
KIC 8805565 ;TYC 3541-2599-1          KIC 8805565              
KIC 8805663 ;TYC 3541-2463-1          KIC 8805663              
KIC 8612520 ;TYC 3132-700-1           KIC 8612520              
KIC 8872979 ;TYC 3541-3305-1          KIC 8872979              
KIC 8613617 ;TYC 3132-670-1           KIC 8613617              
KIC 8742013 ;TYC 3132-1484-1          KIC 8742013              
KIC 8677342 ;TYC 3132-252-1           KIC 8677342              
KIC 8742545 ;TYC 3132-658-1           KIC 8742545              
KIC 9077844 ;TYC 3541-2874-1          KIC 9077844              
KIC 8941202 ;KIC 8941202                                       
KIC 8081278 ;KIC 8081278                                       
KIC 8283646 ;KIC 8283646                                       
KIC 8283356 ;TYC 3131-1545-1          KIC 8283356              
KIC 8081535 ;TYC 3131-1756-1          KIC 8081535              
KIC 8415501 ;KIC 8415501                                       
KIC 8350443 ;TYC 3131-949-1           KIC 8350443              
KIC 8350645 ;TYC 3132-1222-1          KIC 8350645              
KIC 8283958 ;TYC 3131-1317-1          KIC 8283958              
KIC 8284032 ;KIC 8284032                                       
KIC 8545291 ;TYC 3131-1339-1          KIC 8545291              
KIC 8545504 ;TYC 3132-1859-1          KIC 8545504              
KIC 8284682 ;TYC 3132-1154-1          KIC 8284682              
KIC 8285510 ;TYC 3132-1032-1          KIC 8285510              
KIC 8482522 ;TYC 3132-88-1            KIC 8482522              
KIC 9269772 ;KIC 9269772                                       
KIC 9143834 ;KIC 9143834                                       
KIC 9143868 ;TYC 3541-3265-1          KIC 9143868              
KIC 9008270 ;TYC 3541-3300-1          KIC 9008270              
KIC 9392039 ;TYC 3541-736-1           KIC 9392039              
KIC 9142574 ;TYC 3541-1308-1          KIC 9142574              
KIC 9205705 ;TYC 3541-2458-1          KIC 9205705              
KIC 9329058 ;TYC 3541-232-1           KIC 9329058              
KIC 9329200 ;TYC 3541-1834-1          KIC 9329200              
KIC 8937073 ;TYC 3541-1018-1          KIC 8937073              
KIC 9328135 ;TYC 3541-1158-1          KIC 9328135              
KIC 9139859 ;KIC 9139859                                       
KIC 9004448 ;TYC 3541-1586-1          KIC 9004448              
KIC 9202995 ;TYC 3540-1328-1          KIC 9202995              
KIC 9003765 ;TYC 3540-2881-1          KIC 9003765              
KIC 9002344 ;TYC 3540-3019-1          KIC 9002344              
KIC 8934264 ;KIC 8934264                                       
KIC 8671819 ;TYC 3131-1671-1          KIC 8671819              
KIC 9453362 ;TYC 3541-1134-1          KIC 9453362              
KIC 9818513 ;KIC 9818513                                       
KIC 9758246 ;TYC 3541-1453-1          KIC 9758246              
KIC 9451434 ;TYC 3541-1052-1          KIC 9451434              
KIC 9451999 ;TYC 3541-2336-1          KIC 9451999              
KIC 9574650 ;TYC 3541-1197-1          KIC 9574650              
KIC 9635603 ;KIC 9635603                                       
KIC 9390293 ;KIC 9390293                                       
KIC 9635388 ;TYC 3541-1861-1          KIC 9635388              
KIC 9450786 ;TYC 3541-120-1           KIC 9450786              
KIC 9511938 ;TYC 3541-1649-1          KIC 9511938              
KIC 10023439;TYC 3561-1447-1          KIC 10023439             
KIC 10087394;TYC 3561-918-1           KIC 10087394             
KIC 10153739;TYC 3561-1315-1          KIC 10153739             
KIC 10286616;TYC 3561-2106-1          KIC 10286616             
KIC 10220795;TYC 3561-1287-1          KIC 10220795             
KIC 10220213;TYC 3561-870-1           KIC 10220213             
KIC 10025321;TYC 3561-1389-1          KIC 10025321             
KIC 9903915 ;TYC 3557-13-1            KIC 9903915              
KIC 10025387;TYC 3561-744-1           KIC 10025387             
KIC 9904563 ;KIC 9904563                                       
KIC 10155731;TYC 3561-1373-1          KIC 10155731             
KIC 10090400;TYC 3561-894-1           KIC 10090400             
KIC 10290457;TYC 3561-876-1           KIC 10290457             
KIC 10157507;TYC 3561-1331-1          KIC 10157507             
KIC 10224100;KIC 10224100                                      
KIC 10224535;TYC 3561-1257-1          KIC 10224535             
KIC 10159217;KIC 10159217                                      
KIC 9968040 ;TYC 3557-400-1           KIC 9968040              
KIC 9967351 ;KIC 9967351                                       
KIC 9967174 ;TYC 3561-1077-1          KIC 9967174              
KIC 9967700 ;TYC 3557-1047-1          KIC 9967700              
KIC 9966823 ;TYC 3557-37-1            KIC 9966823              
KIC 9968249 ;TYC 3557-1133-1          KIC 9968249              
KIC 10161943;TYC 3562-1862-1          KIC 10161943             
KIC 9970467 ;TYC 3558-123-1           KIC 9970467              
KIC 10095409;KIC 10095409                                      
KIC 9851743 ;TYC 3558-575-1           KIC 9851743              
KIC 10162765;TYC 3562-1694-1          KIC 10162765             
KIC 10229796;TYC 3562-2196-1          KIC 10229796             
KIC 10163776;TYC 3562-1933-1          KIC 10163776             
KIC 10297313;TYC 3562-1937-1          KIC 10297313             
KIC 10362043;TYC 3562-1039-1          KIC 10362043             
KIC 9662343 ;TYC 3557-38-1            KIC 9662343              
KIC 9540226 ;TYC 3557-221-1           KIC 9540226              
KIC 9843358 ;TYC 3557-1449-1          KIC 9843358              
KIC 9662395 ;KIC 9662395                                       
KIC 9724324 ;TYC 3557-1277-1          KIC 9724324              
KIC 9724882 ;TYC 3557-1121-1          KIC 9724882              
KIC 9542218 ;KIC 9542218                                       
KIC 9846877 ;KIC 9846877                                       
KIC 9906278 ;TYC 3557-454-1           KIC 9906278              
KIC 9785675 ;TYC 3557-1049-1          KIC 9785675              
KIC 9786625 ;KIC 9786625                                       
KIC 9605294 ;TYC 3557-1587-1          KIC 9605294              
KIC 9604524 ;TYC 3557-89-1            KIC 9604524              
KIC 9726814 ;TYC 3557-188-1           KIC 9726814              
KIC 9847893 ;TYC 3557-871-1           KIC 9847893              
KIC 9727392 ;TYC 3557-1211-1          KIC 9727392              
KIC 9728284 ;KIC 9728284                                       
KIC 9727675 ;KIC 9727675                                       
KIC 9728845 ;TYC 3558-1493-1          KIC 9728845              
KIC 9788834 ;KIC 9788834                                       
KIC 9909804 ;TYC 3558-569-1           KIC 9909804              
KIC 9790050 ;TYC 3558-51-1            KIC 9790050              
KIC 10817660;TYC 3562-383-1           KIC 10817660             
KIC 10880958;TYC 3562-1082-1          KIC 10880958             
KIC 10881810;TYC 3562-173-1           KIC 10881810             
KIC 10753962;KIC 10753962                                      
KIC 10684837;TYC 3562-303-1           KIC 10684837             
KIC 10553844;TYC 3562-497-1           KIC 10553844             
KIC 10492041;KIC 10492041                                      
KIC 10555186;TYC 3562-883-1           KIC 10555186             
KIC 10683647;TYC 3562-1204-1          KIC 10683647             
KIC 10816214;KIC 10816214                                      
KIC 10816748;TYC 3562-1119-1          KIC 10816748             
KIC 10488243;KIC 10488243                                      
KIC 10357764;TYC 3561-1835-1          KIC 10357764             
KIC 10358632;TYC 3562-1679-1          KIC 10358632             
KIC 10291535;KIC 10291535                                      
KIC 10552202;TYC 3561-1954-1          KIC 10552202             
KIC 10489073;KIC 10489073                                      
KIC 10552972;TYC 3561-1881-1          KIC 10552972             
KIC 10552614;KIC 10552614                                      
KIC 10618005;KIC 10618005                                      
KIC 10747862;TYC 3561-1804-1          KIC 10747862             
KIC 10749112;TYC 3561-236-1           KIC 10749112             
KIC 10420822;TYC 3561-1571-1          KIC 10420822             
KIC 10355672;TYC 3561-1852-1          KIC 10355672             
KIC 10356057;KIC 10356057                                      
KIC 10614707;TYC 3561-1444-1          KIC 10614707             
KIC 10614602;TYC 3561-869-1           KIC 10614602             
KIC 10485765;KIC 10485765                                      
KIC 10483504;KIC 10483504                                      
KIC 10678016;TYC 3561-1706-1          KIC 10678016             
KIC 10613466;TYC 3561-1256-1          KIC 10613466             
KIC 10546977;TYC 3561-761-1           KIC 10546977             
KIC 10613112;KIC 10613112                                      
KIC 10417308;TYC 3561-1926-1          KIC 10417308             
KIC 10353044;TYC 3561-1901-1          KIC 10353044             
KIC 10352615;TYC 3561-1688-1          KIC 10352615             
KIC 10287323;TYC 3561-2029-1          KIC 10287323             
KIC 10610250;TYC 3561-1722-1          KIC 10610250             
KIC 10545152;TYC 3561-86-1            KIC 10545152             
KIC 10742794;TYC 3561-587-1           KIC 10742794             
KIC 10480806;TYC 3561-992-1           KIC 10480806             
KIC 10285722;TYC 3561-1934-1          KIC 10285722             
KIC 10482001;TYC 3561-1948-1          KIC 10482001             
KIC 10416550;TYC 3561-1402-1          KIC 10416550             
KIC 10086465;TYC 3561-1411-1          KIC 10086465             
KIC 10991271;TYC 3562-310-1           KIC 10991271             
KIC 11045572;TYC 3562-892-1           KIC 11045572             
KIC 11152823;TYC 3566-349-1           KIC 11152823             
KIC 11152753;TYC 3562-97-1            KIC 11152753             
KIC 10992126;TYC 3562-342-1           KIC 10992126             
KIC 10936814;TYC 3562-444-1           KIC 10936814             
KIC 10991673;TYC 3562-492-1           KIC 10991673             
KIC 11204531;TYC 3565-436-1           KIC 11204531             
KIC 11044315;TYC 3561-769-1           KIC 11044315             
KIC 11152312;TYC 3565-924-1           KIC 11152312             
KIC 10935853;TYC 3562-890-1           KIC 10935853             
KIC 10934758;TYC 3561-578-1           KIC 10934758             
KIC 10877915;KIC 10877915                                      
KIC 11043832;TYC 3561-604-1           KIC 11043832             
KIC 10747240;KIC 10747240                                      
KIC 10873444;TYC 3561-1856-1          KIC 10873444             
KIC 10743092;TYC 3561-689-1           KIC 10743092             
KIC 10743515;KIC 10743515                                      
KIC 10809457;TYC 3561-467-1           KIC 10809457             
KIC 8955683 ;TYC 3556-2611-1          KIC 8955683              
KIC 9025029 ;TYC 3556-3029-1          KIC 9025029              
KIC 9157260 ;TYC 3556-813-1           KIC 9157260              
KIC 9220076 ;KIC 9220076                                       
KIC 9283816 ;TYC 3556-2243-1          KIC 9283816              
KIC 9283918 ;TYC 3556-397-1           KIC 9283918              
KIC 9025882 ;TYC 3556-2993-1          KIC 9025882              
KIC 9346602 ;TYC 3556-1297-1          KIC 9346602              
KIC 9469165 ;TYC 3556-575-1           KIC 9469165              
KIC 9408361 ;TYC 3556-123-1           KIC 9408361              
KIC 9222389 ;KIC 9222389                                       
KIC 9409513 ;TYC 3556-815-1           KIC 9409513              
KIC 9027871 ;TYC 3556-2399-1          KIC 9027871              
KIC 9350701 ;TYC 3556-3213-1          KIC 9350701              
KIC 9350031 ;KIC 9350031                                       
KIC 9411366 ;KIC 9411366                                       
KIC 9163153 ;TYC 3556-3481-1          KIC 9163153              
KIC 9100444 ;KIC 9100444                                       
KIC 9163785 ;TYC 3557-2075-1          KIC 9163785              
KIC 9351617 ;KIC 9351617                                       
KIC 9351186 ;KIC 9351186                                       
KIC 9414068 ;KIC 9414068                                       
KIC 9034557 ;KIC 9034557                                       
KIC 9229601 ;KIC 9229601                                       
KIC 9292408 ;KIC 9292408                                       
KIC 9291249 ;KIC 9291249                                       
KIC 9291830 ;TYC 3557-1630-1          KIC 9291830              
KIC 9291976 ;KIC 9291976                                       
KIC 9353187 ;TYC 3557-1689-1          KIC 9353187              
KIC 9475697 ;TYC 3557-611-1           KOI-5684                 
KIC 9353531 ;TYC 3557-1078-1          KIC 9353531              
KIC 8564559 ;TYC 3147-77-1            KIC 8564559              
KIC 8693004 ;TYC 3147-309-1           KIC 8693004              
KIC 8693018 ;KIC 8693018                                       
KIC 8822689 ;TYC 3556-3767-1          KIC 8822689              
KIC 8957543 ;KIC 8957543                                       
KIC 8822878 ;TYC 3556-2831-1          KIC 8822878              
KIC 8824452 ;TYC 3556-2994-1          KIC 8824452              
KIC 8824264 ;TYC 3556-2946-1          KIC 8824264              
KIC 8890410 ;TYC 3556-2650-1          KIC 8890410              
KIC 8565016 ;TYC 3147-565-1           KIC 8565016              
KIC 9028511 ;KIC 9028511                                       
KIC 9028321 ;TYC 3556-1871-1          KIC 9028321              
KIC 8759811 ;TYC 3147-95-1            KIC 8759811              
KIC 8759746 ;KIC 8759746                                       
KIC 8759207 ;TYC 3147-435-1           KIC 8759207              
KIC 8825444 ;TYC 3556-2895-1          KIC 8825444              
KIC 9029195 ;TYC 3556-3111-1          KIC 9029195              
KIC 8826079 ;TYC 3556-3724-1          KIC 8826079              
KIC 9029603 ;TYC 3556-3179-1          KIC 9029603              
KIC 8962844 ;KIC 8962844                                       
KIC 8962923 ;TYC 3556-3603-1          KIC 8962923              
KIC 8827934 ;TYC 3556-3559-1          KIC 8827934              
KIC 8761471 ;KIC 8761471                                       
KIC 8826496 ;KIC 8826496                                       
KIC 9032691 ;TYC 3557-2114-1          KIC 9032691              
KIC 9658002 ;TYC 3557-44-1            KIC 9658002              
KIC 9780183 ;TYC 3557-953-1           KIC 9780183              
KIC 9839918 ;TYC 3557-880-1           KIC 9839918              
KIC 9839246 ;TYC 3556-3340-1          KIC 9839246              
KIC 9597214 ;TYC 3557-1204-1          KIC 9597214              
KIC 9536330 ;TYC 3557-1634-1          KIC 9536330              
KIC 9658793 ;TYC 3557-1108-1          KIC 9658793              
KIC 9658072 ;TYC 3557-608-1           KIC 9658072              
KIC 9535050 ;TYC 3556-3618-1          KIC 9535050              
KIC 9534934 ;TYC 3556-3390-1          KIC 9534934              
KIC 9412408 ;TYC 3556-3696-1          KIC 9412408              
KIC 9596639 ;KIC 9596639                                       
KIC 9718024 ;TYC 3556-3204-1          KIC 9718024              
KIC 9596106 ;KIC 9596106                                       
KIC 9472076 ;TYC 3556-3210-1          KIC 9472076              
KIC 9716866 ;KIC 9716866                                       
KIC 9656523 ;KIC 9656523                                       
KIC 9470276 ;KIC 9470276                                       
KIC 9471284 ;TYC 3556-209-1           KIC 9471284              
KIC 9655101 ;TYC 3556-530-1           KIC 9655101              
KIC 9775927 ;TYC 3556-326-1           KIC 9775927              
KIC 9716522 ;TYC 3556-2634-1          KIC 9716522              
KIC 9835626 ;TYC 3556-114-1           KIC 9835626              
KIC 9835436 ;KIC 9835436                                       
KIC 9652704 ;KIC 9652704                                       
KIC 9714063 ;TYC 3556-1170-1          KIC 9714063              
KIC 9713617 ;TYC 3556-1632-1          KIC 9713617              
KIC 9529974 ;TYC 3556-2020-1          KIC 9529974              
KIC 9712888 ;TYC 3556-1520-1          KIC 9712888              
KIC 9406638 ;NSVS 5547844                                      
KIC 9591097 ;TYC 3556-2316-1          KIC 9591097              
KIC 9711349 ;KIC 9711349                                       
KIC 9711231 ;TYC 3543-1368-1          KIC 9711231              
KIC 9711492 ;TYC 3543-1961-1          KIC 9711492              
KIC 9650046 ;TYC 3543-1440-1          KIC 9650046              
KIC 9650527 ;TYC 3543-2222-1          KIC 9650527              
KIC 9589638 ;TYC 3543-1908-1          KIC 9589638              
KIC 9282363 ;TYC 3543-2630-1          KIC 9282363              
KIC 9405269 ;TYC 3543-2219-1          KIC 9405269              
KIC 9405555 ;TYC 3543-1240-1          KIC 9405555              
KIC 9405480 ;TYC 3543-1884-1          KIC 9405480              
KIC 10282002;TYC 3560-3228-1          KIC 10282002             
KIC 10083480;TYC 3560-3088-1          KIC 10083480             
KIC 10018973;TYC 3560-2844-1          KIC 10018973             
KIC 9958567 ;TYC 3560-2954-1          KIC 9958567              
KIC 10018239;KIC 10018239                                      
KIC 10213931;TYC 3560-963-1           KIC 10213931             
KIC 10280586;TYC 3560-2307-1          KIC 10280586             
KIC 10148026;TYC 3560-2540-1          KIC 10148026             
KIC 10212620;KIC 10212620                                      
KIC 10147072;TYC 3560-2745-1          KIC 10147072             
KIC 9896174 ;KIC 9896174                                       
KIC 9835790 ;TYC 3556-128-1           KIC 9835790              
KIC 10145279;KIC 10145279                                      
KIC 9893889 ;TYC 3556-284-1           KIC 9893889              
KIC 9833073 ;TYC 3556-1278-1          KIC 9833073              
KIC 6762022 ;TYC 3128-1656-1          KIC 6762022              
KIC 7018252 ;TYC 3128-1482-1          KIC 7018252              
KIC 7429055 ;TYC 3128-481-1           KIC 7429055              
KIC 7347189 ;TYC 3128-301-1           KIC 7347189              
KIC 7103297 ;KIC 7103297                                       
KIC 7103666 ;TYC 3128-494-1           KIC 7103666              
KIC 6935260 ;TYC 3128-2485-1          KIC 6935260              
KIC 7020371 ;TYC 3128-1048-1          KIC 7020371              
KIC 6850417 ;TYC 3129-518-1           KIC 6850417              
KIC 6850177 ;TYC 3129-1778-1          KIC 6850177              
KIC 6851499 ;TYC 3129-808-1           KIC 6851499              
KIC 6936796 ;TYC 3129-1967-1          KIC 6936796              
KIC 7108501 ;TYC 3129-1767-1          KIC 7108501              
KIC 6854095 ;KIC 6854095                                       
KIC 6768319 ;KIC 6768319                                       
KIC 6853779 ;KIC 6853779                                       
KIC 6854391 ;TYC 3129-1024-1          KIC 6854391              
KIC 6768355 ;TYC 3129-1036-1          KIC 6768355              
KIC 7109120 ;TYC 3129-2003-1          KIC 7109120              
KIC 6940048 ;TYC 3129-2435-1          KIC 6940048              
KIC 7025721 ;TYC 3129-1187-1          KIC 7025721              
KIC 7273672 ;TYC 3129-1529-1          KIC 7273672              
KIC 7191673 ;TYC 3129-1655-1          KIC 7191673              
KIC 7273426 ;TYC 3129-2665-1          KIC 7273426              
KIC 6429457 ;TYC 3128-2364-1          KIC 6429457              
KIC 6428974 ;KIC 6428974                                       
KIC 6590363 ;TYC 3128-568-1           KIC 6590363              
KIC 6508328 ;TYC 3128-1447-1          KIC 6508328              
KIC 6508943 ;KIC 6508943                                       
KIC 6191288 ;TYC 3128-194-1           KIC 6191288              
KIC 6192431 ;TYC 3129-794-1           KIC 6192431              
KIC 6430534 ;TYC 3128-2086-1          KIC 6430534              
KIC 6192043 ;TYC 3128-1286-1          KIC 6192043              
KIC 6764229 ;TYC 3128-238-1           KIC 6764229              
KIC 6849167 ;TYC 3128-992-1           KIC 6849167              
KIC 6677653 ;TYC 3128-1616-1          KIC 6677653              
KIC 6678428 ;TYC 3129-1918-1          KIC 6678428              
KIC 6765032 ;TYC 3129-1884-1          KIC 6765032              
KIC 6678432 ;TYC 3129-798-1           KIC 6678432              
KIC 6593240 ;KIC 6593240                                       
KIC 6431941 ;KIC 6431941                                       
KIC 6593623 ;KIC 6593623                                       
KIC 6680734 ;TYC 3129-1020-1          KIC 6680734              
KIC 6680386 ;TYC 3129-2402-1          KIC 6680386              
KIC 6594505 ;KIC 6594505                                       
KIC 6681414 ;TYC 3129-1790-1          KIC 6681414              
KIC 7674224 ;KIC 7674224                                       
KIC 7672969 ;TYC 3133-2682-1          KIC 7672969              
KIC 7744204 ;TYC 3133-2134-1          KIC 7744204              
KIC 7518352 ;TYC 3129-609-1           KIC 7518352              
KIC 7352718 ;KIC 7352718                                       
KIC 7189610 ;TYC 3129-587-1           KIC 7189610              
KIC 7190047 ;TYC 3129-799-1           KIC 7190047              
KIC 7516687 ;KIC 7516687                                       
KIC 7351098 ;TYC 3129-607-1           KIC 7351098              
KIC 7270142 ;TYC 3129-531-1           KIC 7270142              
KIC 7671562 ;TYC 3133-2677-1          KIC 7671562              
KIC 7596350 ;TYC 3133-901-1           KIC 7596350              
KIC 7743176 ;TYC 3133-2606-1          KIC 7743176              
KIC 7672405 ;TYC 3133-2680-1          KIC 7672405              
KIC 7595285 ;TYC 3132-199-1           KIC 7595285              
KIC 7515516 ;TYC 3133-643-1           KIC 7515516              
KIC 7431665 ;KIC 7431665                                       
KIC 7349386 ;KIC 7349386                                       
KIC 7593843 ;KIC 7593843                                       
KIC 7430868 ;TYC 3128-1215-1          KIC 7430868              
KIC 7430415 ;KIC 7430415                                       
KIC 7668782 ;KIC 7668782                                       
KIC 7592356 ;TYC 3132-207-1           KIC 7592356              
KIC 7346442 ;TYC 3128-435-1           KIC 7346442              
KIC 7346365 ;TYC 3128-629-1           KIC 7346365              
KIC 7591642 ;KIC 7591642                                       
KIC 7510604 ;TYC 3128-19-1            KIC 7510604              
KIC 7345200 ;TYC 3128-183-1           KIC 7345200              
KIC 7017044 ;TYC 3128-1676-1          KIC 7017044              
KIC 7100768 ;TYC 3128-1843-1          KIC 7100768              
KIC 7950550 ;TYC 3133-1321-1          KIC 7950550              
KIC 8088244 ;TYC 3133-1697-1          KIC 8088244              
KIC 7949599 ;KIC 7949599                                       
KIC 7811522 ;TYC 3133-2298-1          KIC 7811522              
KIC 7949258 ;TYC 3133-1221-1          KIC 7949258              
KIC 8154541 ;TYC 3132-928-1           KIC 8154541              
KIC 8354896 ;TYC 3132-1318-1          KIC 8354896              
KIC 7670419 ;TYC 3132-1339-1          KIC 7670419              
KIC 7670489 ;TYC 3132-1453-1          KIC 7670489              
KIC 8154383 ;TYC 3132-1404-1          KIC 8154383              
KIC 8086192 ;TYC 3132-1580-1          KIC 8086192              
KIC 7741179 ;KIC 7741179                                       
KIC 7948086 ;TYC 3132-2170-1          KIC 7948086              
KIC 8017159 ;TYC 3132-1803-1          KIC 8017159              
KIC 7948193 ;TYC 3132-269-1           KIC 7948193              
KIC 8016118 ;TYC 3132-1876-1          KIC 8016118              
KIC 7808227 ;TYC 3132-223-1           KIC 7808227              
KIC 7807614 ;TYC 3132-1087-1          KIC 7807614              
KIC 5339823 ;TYC 3123-1482-1          KIC 5339823              
KIC 5426041 ;TYC 3123-2038-1          KIC 5426041              
KIC 5597965 ;TYC 3123-1774-1          KIC 5597965              
KIC 5685000 ;TYC 3123-1854-1          KIC 5685000              
KIC 5512777 ;TYC 3123-1220-1          KIC 5512777              
KIC 5770923 ;TYC 3123-1938-1          KIC 5770923              
KIC 5598789 ;BD+40 3524                                        
KIC 5599763 ;KIC 5599763                                       
KIC 5514079 ;KIC 5514079                                       
KIC 5857618 ;KIC 5857618                                       
KIC 5515314 ;TYC 3124-121-1           KIC 5515314              
KIC 5772710 ;TYC 3124-111-1           KIC 5772710              
KIC 5514974 ;TYC 3123-1142-1          KIC 5514974              
KIC 5602545 ;TYC 3124-1385-1          KIC 5602545              
KIC 5859492 ;TYC 3124-1301-1          KIC 5859492              
KIC 5860093 ;TYC 3124-1998-1          KIC 5860093              
KIC 5517442 ;TYC 3124-73-1            KIC 5517442              
KIC 5689606 ;KIC 5689606                                       
KIC 5689343 ;TYC 3124-1849-1          KIC 5689343              
KIC 5774568 ;KIC 5774568                                       
KIC 4814198 ;TYC 3123-773-1           KIC 4814198              
KIC 4902641 ;TYC 3123-515-1           KIC 4902641              
KIC 4902701 ;TYC 3123-939-1           KIC 4902701              
KIC 4633907 ;TYC 3123-623-1           KIC 4633907              
KIC 4991033 ;KIC 4991033                                       
KIC 4991732 ;KIC 4991732                                       
KIC 5167473 ;TYC 3123-1784-1          KIC 5167473              
KIC 5257167 ;TYC 3124-1449-1          KIC 5257167              
KIC 5168713 ;KIC 5168713                                       
KIC 5168382 ;TYC 3124-2143-1          KIC 5168382              
KIC 6188215 ;TYC 3128-480-1           KIC 6188215              
KIC 5858947 ;TYC 3124-2345-1          KIC 5858947              
KIC 6425301 ;KIC 6425301                                       
KIC 5858034 ;KIC 5858034                                       
KIC 6346443 ;TYC 3127-2000-1          KIC 6346443              
KIC 6185790 ;TYC 3127-2080-1          KIC 6185790              
KIC 6104786 ;TYC 3127-2259-1          KIC 6104786              
KIC 6424157 ;KIC 6424157                                       
KIC 6345474 ;TYC 3127-2121-1          KIC 6345474              
KIC 6423690 ;TYC 3127-1682-1          KIC 6423690              
KIC 6264398 ;TYC 3127-2097-1          KIC 6264398              
KIC 6343222 ;KIC 6343222                                       
KIC 6263410 ;TYC 3127-1778-1          KIC 6263410              
KIC 6262867 ;TYC 3127-423-1           KIC 6262867              
KIC 6262706 ;TYC 3127-432-1           KIC 6262706              
KIC 6181896 ;KIC 6181896                                       
KIC 6101471 ;KIC 6101471                                       
KIC 6929729 ;KIC 6929729                                       
KIC 6843557 ;TYC 3127-1741-1          KIC 6843557              
KIC 6843705 ;TYC 3127-1485-1          KIC 6843705              
KIC 6928997 ;TYC 3127-1472-1          KIC 6928997              
KIC 6929280 ;TYC 3127-1421-1          KIC 6929280              
KIC 6502831 ;TYC 3127-1127-1          KIC 6502831              
KIC 6756908 ;KIC 6756908                                       
KIC 6756579 ;TYC 3127-1662-1          KIC 6756579              
KIC 6501676 ;KIC 6501676                                       
KIC 6755907 ;KIC 6755907                                       
KIC 6755830 ;TYC 3127-1335-1          KIC 6755830              
KIC 6755373 ;TYC 3127-2078-1          KIC 6755373              
KIC 3323943 ;TYC 3120-975-1           KIC 3323943              
KIC 3217051 ;TYC 3120-736-1           KIC 3217051              
KIC 3216467 ;TYC 3120-1627-1          KIC 3216467              
KIC 3526625 ;TYC 3120-555-1           KIC 3526625              
KIC 3424105 ;TYC 3120-225-1           KIC 3424105              
KIC 3425675 ;TYC 3120-1581-1          KIC 3425675              
KIC 3527032 ;TYC 3120-1027-1          KIC 3527032              
KIC 3425476 ;TYC 3120-883-1           KIC 3425476              
KIC 3527891 ;TYC 3120-833-1           KIC 3527891              
KIC 3529597 ;TYC 3120-527-1           KIC 3529597              
KIC 3529276 ;TYC 3120-321-1           KIC 3529276              
KIC 3528656 ;TYC 3120-641-1           KIC 3528656              
KIC 3631402 ;KIC 3631402                                       
KIC 3326790 ;TYC 3120-1403-1          KIC 3326790              
KIC 3530823 ;TYC 3120-949-1           KIC 3530823              
KIC 3531478 ;TYC 3120-801-1           KIC 3531478              
KIC 3222670 ;TYC 3121-995-1           KIC 3222670              
KIC 3222220 ;TYC 3121-1495-1          KIC 3222220              
KIC 3633057 ;TYC 3121-175-1           KIC 3633057              
KIC 3633152 ;TYC 3121-107-1           KIC 3633152              
KIC 3532734 ;KIC 3532734                                       
KIC 3432732 ;TYC 3121-1231-1          KIC 3432732              
KIC 3736477 ;KIC 3736477                                       
KIC 2140446 ;KIC 2140446                                       
KIC 2283075 ;TYC 3120-824-1           KIC 2283075              
KIC 2554924 ;TYC 3120-826-1           KIC 2554924              
KIC 2423824 ;TYC 3120-1084-1          KIC 2423824              
KIC 2142095 ;TYC 3120-1202-1          KIC 2142095              
KIC 2141928 ;TYC 3120-540-1           KIC 2141928              
KIC 2834230 ;TYC 3120-778-1           KIC 2834230              
KIC 2424934 ;TYC 3120-1060-1          KIC 2424934              
KIC 2285898 ;TYC 3120-818-1           KIC 2285898              
KIC 2424822 ;TYC 3120-966-1           KIC 2424822              
KIC 3101090 ;TYC 3120-1120-1          KIC 3101090              
KIC 2696732 ;TYC 3120-1178-1          KIC 2696732              
KIC 2697082 ;TYC 3120-514-1           KIC 2697082              
KIC 2836038 ;TYC 3120-942-1           KIC 2836038              
KIC 2973894 ;TYC 3120-1424-1          KIC 2973894              
KIC 3102479 ;KIC 3102479                                       
KIC 3942203 ;TYC 3121-377-1           KIC 3942203              
KIC 4042951 ;TYC 3120-1213-1          KIC 4042951              
KIC 4143460 ;TYC 3121-1613-1          KIC 4143460              
KIC 3733028 ;KIC 3733028                                       
KIC 4350501 ;TYC 3124-640-1           KIC 4350501              
KIC 4141815 ;TYC 3120-1033-1          KIC 4141815              
KIC 3835996 ;KIC 3835996                                       
KIC 4041405 ;TYC 3120-1087-1          KIC 4041405              
KIC 4140726 ;KIC 4140726                                       
KIC 3938291 ;TYC 3120-601-1           KIC 3938291              
KIC 4039306 ;TYC 3120-347-1           KIC 4039306              
KIC 4244973 ;TYC 3120-1733-1          KIC 4244973              
KIC 4139914 ;TYC 3120-459-1           KIC 4139914              
KIC 4139784 ;TYC 3120-1001-1          KIC 4139784              
KIC 4040211 ;TYC 3120-1650-1          KIC 4040211              
KIC 3937217 ;TYC 3120-1465-1          KIC 3937217              
KIC 4243796 ;TYC 3124-1152-1          KIC 4243796              
KIC 4243803 ;TYC 3120-1697-1          KIC 4243803              
KIC 4346893 ;TYC 3124-22-1            KIC 4346893              
KIC 4346319 ;TYC 3124-1262-1          KIC 4346319              
KIC 4445711 ;TYC 3124-1424-1          KIC 4445711              
KIC 4241369 ;TYC 3119-2481-1          KIC 4241369              
KIC 4345370 ;KIC 4345370                                       
KIC 3934458 ;TYC 3119-216-1           KIC 3934458              
KIC 4136374 ;TYC 3119-152-1           KIC 4136374              
KIC 4036300 ;TYC 3119-579-1           KIC 4036300              
KIC 4036007 ;KIC 4036007                                       
KIC 5084662 ;TYC 3124-2409-1          KIC 5084662              
KIC 4548564 ;KIC 4548564                                       
KIC 4640537 ;KIC 4640537                                       
KIC 5083936 ;TYC 3124-1509-1          KIC 5083936              
KIC 4995788 ;KIC 4995788                                       
KIC 4546625 ;TYC 3124-956-1           KIC 4546625              
KIC 4448636 ;KIC 4448636                                       
KIC 4545474 ;TYC 3124-982-1           KIC 4545474              
KIC 4638317 ;TYC 3124-376-1           KIC 4638317              
KIC 4906950 ;TYC 3124-1986-1          KIC 4906950              
KIC 4543229 ;KIC 4543229                                       
KIC 1864855 ;KIC 1864855                                       
KIC 2444348 ;TYC 3134-36-1            KIC 2444348              
KIC 2303367 ;TYC 3134-232-1           KIC 2303367              
KIC 2305930 ;TYC 3134-265-1           KIC 2305930              
KIC 2018392 ;KIC 2018392                                       
KIC 2307683 ;TYC 3134-170-1           KIC 2307683              
KIC 1726211 ;TYC 2667-624-1           KIC 1726211              
KIC 2448225 ;TYC 3134-121-1           KIC 2448225              
KIC 2449703 ;TYC 3135-303-1           KIC 2449703              
KIC 2309469 ;KIC 2309469                                       
KIC 2996112 ;KIC 2996112                                       
KIC 1720425 ;KIC 1720425                                       
KIC 1162746 ;TYC 2666-262-1           KIC 1162746              
KIC 1432587 ;TYC 2666-241-1           KIC 1432587              
KIC 1433730 ;TYC 2666-211-1           KIC 1433730              
KIC 1576469 ;TYC 2666-196-1           KIC 1576469              
KIC 1433593 ;TYC 2666-348-1           KIC 1433593              
KIC 1435573 ;TYC 2666-297-1           KIC 1435573              
KIC 3120486 ;KIC 3120486                                       
KIC 3120585 ;TYC 3134-84-1            KIC 3120585              
KIC 2714397 ;TYC 3134-72-1            KIC 2714397              
KIC 3444374 ;TYC 3134-237-1           KIC 3444374              
KIC 2988988 ;TYC 3134-66-1            KIC 2988988              
KIC 3114408 ;TYC 3134-596-1           KIC 3114408              
KIC 3231503 ;TYC 3134-1604-1          KIC 3231503              
KIC 3748691 ;TYC 3134-261-1           KIC 3748691              
KIC 3955590 ;TYC 3134-31-1            KIC 3955590              
KIC 4057744 ;TYC 3134-9-1             KIC 4057744              
KIC 4262505 ;TYC 3134-103-1           KIC 4262505              
KIC 3747777 ;TYC 3134-283-1           KIC 3747777              
KIC 3545147 ;TYC 3134-242-1           KIC 3545147              
KIC 3747860 ;KIC 3747860                                       
KIC 4056266 ;TYC 3134-11-1            KIC 4056266              
KIC 3849027 ;KIC 3849027                                       
KIC 3443483 ;TYC 3134-244-1           KIC 3443483              
KIC 3645232 ;TYC 3134-247-1           KIC 3645232              
KIC 3339894 ;TYC 3134-1015-1          KIC 3339894              
KIC 3847071 ;TYC 3134-972-1           KIC 3847071              
KIC 3642038 ;TYC 3134-710-1           KIC 3642038              
KIC 3847697 ;KIC 3847697                                       
KIC 3453419 ;TYC 3135-204-1           KIC 3453419              
KIC 3860176 ;TYC 3135-540-1           KIC 3860176              
KIC 4168909 ;TYC 3135-646-1           KIC 4168909              
KIC 3760337 ;TYC 3135-232-1           KIC 3760337              
KIC 3869326 ;TYC 3136-92-1            KIC 3869326              
KIC 3560181 ;TYC 3136-32-1            KIC 3560181              
KIC 4760954 ;TYC 3140-2587-1          KIC 4760954              
KIC 4279700 ;TYC 3136-813-1           KIC 4279700              
KIC 4575645 ;TYC 3140-968-1           KIC 4575645              
KIC 4937204 ;KIC 4937204                                       
KIC 4378473 ;TYC 3139-13-1            KIC 4378473              
KIC 4475934 ;TYC 3139-2059-1          KIC 4475934              
KIC 4755467 ;TYC 3139-269-1           KIC 4755467              
KIC 4662939 ;TYC 3139-265-1           KIC 4662939              
KIC 4570555 ;TYC 3139-1615-1          KIC 4570555              
KIC 4843143 ;TYC 3139-1579-1          KIC 4843143              
KIC 4569298 ;TYC 3139-1675-1          KIC 4569298              
KIC 4271039 ;TYC 3135-674-1           KIC 4271039              
KIC 4469886 ;KIC 4469886                                       
KIC 4469602 ;TYC 3139-557-1           KIC 4469602              
KIC 5288716 ;KIC 5288716                                       
KIC 5287610 ;KIC 5287610                                       
KIC 5374118 ;TYC 3140-2340-1          KIC 5374118              
KIC 5283798 ;TYC 3139-2264-1          KIC 5283798              
KIC 4930906 ;TYC 3139-237-1           KIC 4930906              
KIC 5104949 ;TYC 3139-2214-1          KIC 5104949              
KIC 5017711 ;KIC 5017711                                       
KIC 3656231 ;TYC 3135-718-1           KIC 3656231              
KIC 4169130 ;TYC 3135-738-1           KIC 4169130              
KIC 3758458 ;TYC 3135-290-1           KIC 3758458              
KIC 4275625 ;TYC 3135-736-1           KIC 4275625              
KIC 3660976 ;TYC 3136-123-1           KIC 3660976              
KIC 3455760 ;TYC 3135-468-1           KIC 3455760              
KIC 3457618 ;KIC 3457618                                       
KIC 4764420 ;TYC 3140-2861-1          KIC 4764420              
KIC 4764422 ;TYC 3140-2755-1          KIC 4764422              
KIC 4570120 ;TYC 3139-2335-1          KIC 4570120              
KIC 4269391 ;TYC 3135-589-1           KIC 4269391              
KIC 4164910 ;TYC 3135-418-1           KIC 4164910              
KIC 5288607 ;KIC 5288607                                       
KIC 5285357 ;TYC 3139-2092-1          KIC 5285357              
KIC 5196152 ;TYC 3139-2052-1          KIC 5196152              
KIC 4933594 ;KIC 4933594                                       
KIC 5282875 ;TYC 3139-1372-1          KIC 5282875              
KIC 5283958 ;TYC 3139-794-1           KIC 5283958              
